Nome,Data de Criação,Pull Requests Aceitas,Total de Releases,Última Atualização,Linguagem Primária,Issues Fechadas,Issues Abertas
freeCodeCamp,2014-12-24T17:49:19Z,24373,0,2025-02-23T20:49:51Z,TypeScript,100,0
free-programming-books,2013-10-11T06:50:37Z,6787,0,2025-02-23T20:40:17Z,HTML,100,0
awesome,2014-07-11T13:42:37Z,661,0,2025-02-23T20:46:34Z,N/A,96,4
build-your-own-x,2018-05-09T12:03:18Z,140,0,2025-02-23T20:51:40Z,Markdown,100,0
public-apis,2016-03-20T23:49:42Z,1872,0,2025-02-23T20:36:29Z,Python,100,0
coding-interview-university,2016-06-06T02:34:12Z,415,0,2025-02-23T20:28:34Z,N/A,83,17
developer-roadmap,2017-03-15T13:45:52Z,3339,1,2025-02-23T20:36:50Z,TypeScript,100,0
system-design-primer,2017-02-26T16:15:28Z,199,0,2025-02-23T20:46:50Z,Python,38,62
996.ICU,2019-03-26T07:31:14Z,1068,0,2025-02-23T16:43:31Z,N/A,0,0
awesome-python,2014-06-27T21:00:06Z,543,0,2025-02-23T20:37:38Z,Python,0,0
react,2013-05-24T16:15:54Z,11363,103,2025-02-23T20:31:38Z,JavaScript,100,0
project-based-learning,2017-04-12T05:07:46Z,182,0,2025-02-23T20:31:42Z,N/A,61,39
awesome-selfhosted,2015-06-01T02:33:17Z,2393,1,2025-02-23T20:50:37Z,N/A,100,0
vue,2013-07-29T03:24:51Z,1136,249,2025-02-23T16:12:35Z,TypeScript,100,0
Python,2016-07-16T09:44:01Z,2913,0,2025-02-23T20:50:10Z,Python,100,0
javascript-algorithms,2018-03-24T07:47:04Z,302,0,2025-02-23T20:33:08Z,JavaScript,70,30
linux,2011-09-04T22:48:12Z,10,0,2025-02-23T20:51:01Z,C,0,0
tensorflow,2015-11-07T01:19:20Z,29281,213,2025-02-23T19:55:45Z,C++,100,0
You-Dont-Know-JS,2013-11-16T02:37:24Z,367,0,2025-02-23T18:25:55Z,N/A,99,1
CS-Notes,2018-02-13T14:56:24Z,374,0,2025-02-23T19:10:48Z,N/A,100,0
ohmyzsh,2009-08-28T18:15:37Z,3289,0,2025-02-23T20:44:25Z,Shell,100,0
computer-science,2014-05-04T00:18:39Z,283,0,2025-02-23T20:44:29Z,N/A,100,0
AutoGPT,2023-03-16T09:21:07Z,2589,42,2025-02-23T20:47:09Z,Python,100,0
bootstrap,2011-07-29T21:19:00Z,8845,89,2025-02-23T20:44:44Z,JavaScript,100,0
flutter,2015-03-06T22:54:58Z,40933,7,2025-02-23T19:36:39Z,Dart,99,1
vscode,2015-09-03T20:23:38Z,31352,156,2025-02-23T20:42:32Z,TypeScript,100,0
gitignore,2010-11-08T20:17:14Z,1575,0,2025-02-23T20:45:00Z,N/A,0,0
Python-100-Days,2018-03-01T16:05:52Z,13,0,2025-02-23T20:11:31Z,Jupyter Notebook,42,58
the-book-of-secret-knowledge,2018-06-23T10:43:14Z,122,0,2025-02-23T20:48:34Z,N/A,0,0
the-art-of-command-line,2015-05-20T15:11:03Z,317,0,2025-02-23T20:45:19Z,N/A,66,34
stable-diffusion-webui,2022-08-22T14:05:26Z,1871,27,2025-02-23T20:51:00Z,Python,100,0
JavaGuide,2018-05-07T13:27:00Z,1139,0,2025-02-23T17:35:42Z,Java,99,1
javascript,2012-11-01T23:13:50Z,811,0,2025-02-23T19:07:30Z,JavaScript,97,3
transformers,2018-10-29T13:56:00Z,14617,180,2025-02-23T20:30:11Z,Python,100,0
awesome-go,2014-07-06T13:42:15Z,3396,0,2025-02-23T20:45:43Z,Go,100,0
youtube-dl,2010-10-31T14:35:07Z,1639,341,2025-02-23T20:35:32Z,Python,99,1
next.js,2016-10-05T23:32:51Z,20932,1000,2025-02-23T20:46:40Z,JavaScript,100,0
ollama,2023-06-26T19:39:32Z,2007,115,2025-02-23T20:49:21Z,Go,96,4
fucking-algorithm,2020-02-19T09:01:23Z,238,1,2025-02-23T20:50:08Z,Markdown,100,0
go,2014-08-19T04:33:40Z,1,0,2025-02-23T20:46:08Z,Go,100,0
30-seconds-of-code,2017-11-29T17:35:03Z,821,11,2025-02-23T19:54:16Z,JavaScript,100,0
tech-interview-handbook,2016-07-05T05:00:48Z,466,0,2025-02-23T20:19:13Z,TypeScript,68,32
Microsoft-Activation-Scripts,2020-01-12T23:03:34Z,6,19,2025-02-23T20:42:21Z,Batchfile,100,0
awesome-chatgpt-prompts,2022-12-05T13:54:13Z,158,0,2025-02-23T20:20:59Z,HTML,0,0
react-native,2015-01-09T18:10:16Z,886,375,2025-02-23T17:36:43Z,C++,100,0
scrcpy,2017-11-21T18:00:27Z,109,44,2025-02-23T20:51:10Z,C,88,12
electron,2013-04-12T01:47:36Z,21572,1000,2025-02-23T20:00:57Z,C++,100,0
PowerToys,2019-05-01T17:44:02Z,5082,109,2025-02-23T18:59:06Z,C#,64,36
kubernetes,2014-06-06T22:56:04Z,60734,722,2025-02-23T19:51:59Z,Go,100,0
free-programming-books-zh_CN,2013-11-04T01:59:19Z,282,3,2025-02-23T17:49:20Z,N/A,0,0
d3,2010-09-27T17:22:42Z,491,194,2025-02-23T19:55:00Z,Shell,100,0
node,2014-11-26T19:57:11Z,9775,429,2025-02-23T20:31:22Z,JavaScript,100,0
hello-algo,2022-11-04T11:08:34Z,900,9,2025-02-23T16:46:21Z,Java,97,3
axios,2014-08-18T22:30:27Z,935,87,2025-02-23T17:35:16Z,JavaScript,100,0
three.js,2010-03-23T18:58:01Z,13712,165,2025-02-23T20:19:46Z,JavaScript,100,0
create-react-app,2016-07-17T14:55:11Z,1949,83,2025-02-23T20:41:45Z,JavaScript,100,0
TypeScript,2014-06-17T15:28:39Z,14547,206,2025-02-23T20:42:31Z,TypeScript,99,1
deno,2018-05-15T01:34:26Z,12379,312,2025-02-23T20:35:25Z,Rust,100,0
nodebestpractices,2017-09-15T08:33:19Z,765,0,2025-02-23T20:11:47Z,Dockerfile,99,1
rust,2010-06-16T20:39:03Z,61365,135,2025-02-23T20:51:54Z,Rust,100,0
yt-dlp,2020-10-26T04:22:55Z,2537,104,2025-02-23T20:22:47Z,Python,97,3
langchain,2022-10-17T02:58:36Z,13214,806,2025-02-23T20:05:53Z,Jupyter Notebook,100,0
HelloGitHub,2016-05-04T06:24:11Z,17,51,2025-02-23T18:05:26Z,Python,100,0
terminal,2017-08-11T18:38:22Z,4029,128,2025-02-23T20:03:07Z,C++,97,3
angular,2014-09-18T16:12:01Z,3698,407,2025-02-23T20:42:05Z,TypeScript,100,0
material-ui,2014-08-18T19:11:54Z,19894,521,2025-02-23T20:29:26Z,TypeScript,100,0
godot,2014-01-04T16:05:36Z,36277,58,2025-02-23T20:52:13Z,C++,100,0
ant-design,2015-04-24T15:37:24Z,14992,690,2025-02-23T16:39:48Z,TypeScript,100,0
excalidraw,2020-01-02T01:04:43Z,3558,13,2025-02-23T20:42:17Z,TypeScript,99,1
clean-code-javascript,2016-11-25T22:25:41Z,149,0,2025-02-23T20:38:21Z,JavaScript,70,30
free-for-dev,2015-03-18T21:06:26Z,2647,0,2025-02-23T20:44:46Z,HTML,0,0
papers-we-love,2013-12-15T14:31:41Z,434,0,2025-02-23T19:44:24Z,Shell,100,0
java-design-patterns,2014-08-09T16:45:18Z,1458,0,2025-02-23T18:47:04Z,Java,90,10
frp,2015-12-21T15:24:59Z,654,101,2025-02-23T19:37:51Z,Go,100,0
iptv,2018-11-14T22:00:57Z,6494,0,2025-02-23T20:29:02Z,JavaScript,100,0
thefuck,2015-04-08T15:08:04Z,481,17,2025-02-23T19:08:30Z,Python,92,8
puppeteer,2017-05-09T22:16:13Z,5144,494,2025-02-23T20:24:20Z,TypeScript,100,0
tauri,2019-07-13T09:09:37Z,4804,1000,2025-02-23T20:50:25Z,Rust,96,4
Awesome-Hacking,2016-03-30T15:47:10Z,34,0,2025-02-23T19:44:26Z,N/A,0,0
vue-element-admin,2017-04-17T03:35:49Z,311,49,2025-02-23T13:50:57Z,Vue,98,2
DeepSeek-V3,2024-12-26T09:52:40Z,17,0,2025-02-23T20:48:41Z,Python,61,39
pytorch,2016-08-13T05:26:41Z,6001,58,2025-02-23T20:44:03Z,Python,99,1
neovim,2014-01-31T13:39:22Z,14639,41,2025-02-23T20:47:01Z,Vim Script,100,0
every-programmer-should-know,2017-08-24T13:18:26Z,99,0,2025-02-23T19:38:03Z,N/A,22,29
storybook,2016-03-18T04:23:44Z,10756,1000,2025-02-23T20:49:11Z,TypeScript,100,0
tailwindcss,2017-10-06T14:59:14Z,2749,268,2025-02-23T20:29:43Z,TypeScript,100,0
Web-Dev-For-Beginners,2020-11-10T02:44:00Z,497,0,2025-02-23T17:38:54Z,JavaScript,100,0
rustdesk,2020-09-28T15:36:08Z,3334,28,2025-02-23T20:42:36Z,Rust,97,3
django,2012-04-28T02:47:18Z,9536,0,2025-02-23T19:26:48Z,Python,0,0
nvm,2010-04-15T17:47:47Z,725,68,2025-02-23T18:09:07Z,Shell,100,0
app-ideas,2019-02-25T18:36:56Z,149,0,2025-02-23T19:51:37Z,N/A,36,64
bitcoin,2010-12-19T15:16:43Z,14927,54,2025-02-23T18:34:21Z,C++,100,0
svelte,2016-11-20T18:13:05Z,5474,393,2025-02-23T17:42:53Z,JavaScript,100,0
ui,2023-01-04T12:43:27Z,485,37,2025-02-23T20:45:18Z,TypeScript,99,1
animate.css,2011-10-12T10:07:38Z,315,22,2025-02-23T20:18:38Z,CSS,100,0
fastapi,2018-12-08T08:21:47Z,2556,200,2025-02-23T20:47:11Z,Python,99,1
realworld,2016-02-26T20:49:53Z,433,0,2025-02-23T20:11:49Z,TypeScript,95,5
NextChat,2023-03-10T18:27:54Z,869,76,2025-02-23T20:06:06Z,TypeScript,100,0
opencv,2012-07-19T09:40:17Z,12724,65,2025-02-23T20:45:24Z,C++,59,41
gin,2014-06-16T23:57:25Z,1046,26,2025-02-23T19:28:09Z,Go,99,1
DeepSeek-R1,2025-01-20T11:57:28Z,7,0,2025-02-23T20:48:49Z,N/A,33,67
awesome-mac,2016-07-17T15:33:47Z,946,10,2025-02-23T20:31:18Z,JavaScript,92,8
laravel,2011-06-08T03:06:08Z,1608,182,2025-02-23T19:38:40Z,PHP,0,0
mall,2018-04-04T01:11:44Z,1,3,2025-02-23T17:49:21Z,Java,99,1
hugo,2013-07-04T15:26:26Z,2782,315,2025-02-23T19:51:55Z,Go,100,0
FiraCode,2014-11-11T19:32:38Z,136,29,2025-02-23T20:23:56Z,Clojure,81,19
open-webui,2023-10-06T22:08:27Z,1717,92,2025-02-23T20:49:14Z,JavaScript,100,0
supabase,2019-10-12T05:56:49Z,11171,19,2025-02-23T20:27:35Z,TypeScript,100,0
models,2016-02-05T01:15:20Z,2337,48,2025-02-23T14:10:35Z,Python,100,0
advanced-java,2018-10-06T11:38:30Z,86,1,2025-02-23T12:51:33Z,Java,99,1
whisper,2022-09-16T20:02:54Z,110,12,2025-02-23T19:52:38Z,Python,0,0
core,2013-09-17T07:29:48Z,69813,1000,2025-02-23T19:06:37Z,Python,100,0
bun,2021-04-14T00:48:17Z,4716,179,2025-02-23T20:11:50Z,Zig,95,5
spring-boot,2012-10-19T15:02:57Z,42,300,2025-02-23T16:49:40Z,Java,100,0
mermaid,2014-11-01T23:52:32Z,2265,142,2025-02-23T20:52:03Z,TypeScript,100,0
LeetCodeAnimation,2018-12-06T08:01:22Z,63,0,2025-02-23T15:04:49Z,Java,42,19
v2rayN,2019-07-30T03:47:24Z,196,234,2025-02-23T19:51:31Z,C#,100,0
manim,2015-03-22T18:50:58Z,624,13,2025-02-23T19:36:15Z,Python,92,8
llama.cpp,2023-03-10T18:58:00Z,4110,1000,2025-02-23T20:26:14Z,C++,100,0
Font-Awesome,2012-02-17T14:19:43Z,209,59,2025-02-23T19:35:11Z,JavaScript,100,0
json-server,2013-11-27T13:21:13Z,121,38,2025-02-23T19:46:29Z,JavaScript,89,11
netdata,2013-06-17T18:39:10Z,9985,108,2025-02-23T20:21:35Z,C,100,0
awesome-interview-questions,2015-11-28T09:48:17Z,176,0,2025-02-23T20:10:31Z,N/A,35,27
awesome-vue,2015-10-20T00:16:14Z,3544,0,2025-02-23T18:21:30Z,N/A,89,11
gpt4all,2023-03-27T18:49:32Z,932,37,2025-02-23T19:11:09Z,C++,99,1
awesome-for-beginners,2015-10-24T19:53:36Z,432,0,2025-02-23T20:25:42Z,N/A,100,0
elasticsearch,2010-02-08T13:20:56Z,73570,171,2025-02-23T18:30:18Z,Java,100,0
github-readme-stats,2020-07-09T10:34:22Z,1219,0,2025-02-23T20:30:37Z,JavaScript,99,1
generative-ai-for-beginners,2023-06-19T16:28:59Z,315,0,2025-02-23T20:26:19Z,Jupyter Notebook,100,0
dify,2023-04-12T07:40:24Z,5004,119,2025-02-23T20:35:33Z,TypeScript,100,0
ML-For-Beginners,2021-03-03T01:34:05Z,371,0,2025-02-23T18:23:50Z,HTML,100,0
funNLP,2018-08-21T11:20:39Z,14,0,2025-02-23T17:40:54Z,Python,47,30
vite,2020-04-21T05:03:57Z,5109,524,2025-02-23T20:08:42Z,TypeScript,100,0
code-server,2019-02-27T16:50:41Z,1517,174,2025-02-23T20:00:08Z,TypeScript,99,1
stable-diffusion,2022-08-10T14:36:44Z,5,0,2025-02-23T20:30:34Z,Jupyter Notebook,28,72
Front-End-Checklist,2017-10-16T10:12:36Z,179,1,2025-02-23T17:40:51Z,N/A,100,0
playwright,2019-11-15T18:32:42Z,14059,141,2025-02-23T17:34:34Z,TypeScript,100,0
nest,2017-02-04T20:12:52Z,6822,112,2025-02-23T20:24:58Z,TypeScript,100,0
moby,2013-01-18T18:10:57Z,20733,212,2025-02-23T19:23:42Z,Go,100,0
HowToCook,2020-02-29T10:43:49Z,519,3,2025-02-23T19:48:17Z,Dockerfile,57,43
flask,2010-04-06T11:11:59Z,1590,35,2025-02-23T15:27:31Z,Python,100,0
system-design-101,2023-09-18T20:52:03Z,21,0,2025-02-23T20:19:05Z,N/A,15,35
node,2023-02-01T13:55:02Z,141,43,2025-02-23T17:05:01Z,Shell,99,1
screenshot-to-code,2023-11-14T17:53:32Z,45,0,2025-02-23T20:38:49Z,Python,93,7
reveal.js,2011-06-07T18:54:22Z,405,47,2025-02-23T15:22:13Z,JavaScript,100,0
hoppscotch,2019-08-21T13:15:24Z,1661,64,2025-02-23T19:07:14Z,TypeScript,100,0
ComfyUI,2023-01-17T03:15:56Z,660,37,2025-02-23T20:47:41Z,Python,77,23
fzf,2013-10-23T16:04:23Z,563,60,2025-02-23T20:29:49Z,Go,100,0
devops-exercises,2019-10-03T17:31:21Z,282,0,2025-02-23T20:48:01Z,Python,61,31
cs-video-courses,2016-10-21T17:02:11Z,166,0,2025-02-23T18:20:04Z,N/A,100,0
swift,2015-10-23T21:15:07Z,52332,57,2025-02-23T12:04:54Z,C++,69,31
redis,2009-03-21T22:32:25Z,3948,78,2025-02-23T20:32:14Z,C,94,6
syncthing,2013-11-26T09:48:21Z,2608,396,2025-02-23T20:29:28Z,Go,99,1
gpt_academic,2023-03-20T09:05:13Z,221,32,2025-02-23T18:09:54Z,Python,100,0
awesome-machine-learning,2014-07-15T19:11:19Z,849,0,2025-02-23T20:30:05Z,Python,91,0
awesome-react,2014-08-06T05:31:44Z,779,0,2025-02-23T20:05:14Z,N/A,99,1
protobuf,2014-08-26T15:52:15Z,6805,180,2025-02-23T18:20:20Z,C++,100,0
grafana,2013-12-11T15:59:56Z,51098,495,2025-02-23T19:09:42Z,TypeScript,100,0
express,2009-06-26T18:56:01Z,410,159,2025-02-23T19:16:35Z,JavaScript,100,0
Best-websites-a-programmer-should-visit,2017-03-05T20:25:17Z,428,0,2025-02-23T18:54:42Z,N/A,68,32
d2l-zh,2017-08-23T04:40:24Z,1019,16,2025-02-23T19:27:50Z,Python,0,0
cpython,2017-02-10T19:23:51Z,48444,0,2025-02-23T20:33:43Z,Python,100,0
Chart.js,2013-03-17T23:56:36Z,2983,114,2025-02-23T17:23:02Z,JavaScript,100,0
strapi,2015-09-30T15:34:48Z,8749,443,2025-02-23T20:33:02Z,TypeScript,100,0
webpack,2012-03-10T10:08:14Z,4843,421,2025-02-23T16:14:57Z,JavaScript,100,0
Ventoy,2020-03-10T15:19:19Z,280,102,2025-02-23T20:33:29Z,C,89,11
uptime-kuma,2021-07-03T01:02:42Z,1218,109,2025-02-23T20:45:55Z,JavaScript,93,7
tesseract,2014-08-12T18:04:59Z,1402,33,2025-02-23T19:21:35Z,C++,100,0
33-js-concepts,2018-09-04T13:27:04Z,250,0,2025-02-23T20:47:19Z,JavaScript,81,19
superset,2015-07-21T18:55:34Z,13886,219,2025-02-23T20:37:52Z,TypeScript,100,0
ansible,2012-03-06T14:58:02Z,38718,131,2025-02-23T19:46:38Z,Python,100,0
interviews,2017-02-14T18:19:25Z,42,0,2025-02-23T20:19:12Z,Java,23,30
gpt4free,2023-03-29T17:00:43Z,727,249,2025-02-23T18:29:45Z,Python,100,0
javascript-questions,2019-06-12T08:26:27Z,328,0,2025-02-23T20:20:37Z,N/A,100,0
PayloadsAllTheThings,2016-10-18T07:29:07Z,539,4,2025-02-23T20:19:39Z,Python,0,0
imgui,2014-07-21T14:29:47Z,383,108,2025-02-23T20:02:30Z,C++,95,5
the-algorithm,2023-03-27T14:57:57Z,2,0,2025-02-23T16:48:26Z,Scala,92,8
sherlock,2018-12-24T14:30:48Z,639,1,2025-02-23T20:46:36Z,Python,92,8
keras,2015-03-28T00:35:42Z,3928,73,2025-02-23T20:44:10Z,Python,100,0
sway,2021-01-19T20:54:33Z,3281,162,2025-02-23T17:04:02Z,Rust,94,6
n8n,2019-06-22T09:24:21Z,8711,291,2025-02-23T20:49:37Z,TypeScript,100,0
obs-studio,2013-10-01T02:40:31Z,4994,214,2025-02-23T20:19:25Z,C,100,0
resume.github.com,2011-02-06T13:39:55Z,84,0,2025-02-23T18:17:17Z,JavaScript,58,42
awesome-public-datasets,2014-11-20T06:20:50Z,188,1,2025-02-23T20:43:17Z,N/A,47,53
tabby,2016-12-23T09:06:10Z,1474,195,2025-02-23T20:34:15Z,TypeScript,99,1
awesome-cpp,2014-07-17T08:51:11Z,772,0,2025-02-23T20:31:27Z,N/A,57,43
openai-cookbook,2022-03-11T02:08:53Z,673,0,2025-02-23T17:35:00Z,MDX,100,0
echarts,2013-04-03T03:18:59Z,1353,118,2025-02-23T19:55:06Z,TypeScript,100,0
caddy,2015-01-13T19:45:03Z,2041,123,2025-02-23T18:18:51Z,Go,100,0
socket.io,2010-03-11T18:24:48Z,435,75,2025-02-23T17:05:43Z,TypeScript,100,0
nocode,2018-02-06T23:54:00Z,1,1,2025-02-23T14:56:30Z,Dockerfile,19,81
scikit-learn,2010-08-17T09:43:38Z,12900,45,2025-02-23T19:36:05Z,Python,99,1
redux,2015-05-29T23:53:15Z,1708,78,2025-02-23T18:25:05Z,TypeScript,100,0
SecLists,2012-02-19T01:30:18Z,657,27,2025-02-23T20:10:14Z,PHP,100,0
Java,2016-07-16T10:21:02Z,1846,0,2025-02-23T18:47:13Z,Java,100,0
AppFlowy,2021-06-16T12:56:48Z,3496,98,2025-02-23T20:39:58Z,Dart,90,10
Apollo-11,2014-04-03T15:45:02Z,341,0,2025-02-23T17:47:53Z,Assembly,99,1
awesome-scalability,2017-12-27T03:46:40Z,36,0,2025-02-23T19:27:03Z,N/A,0,0
cs-self-learning,2021-10-20T13:43:42Z,269,4,2025-02-23T20:27:45Z,HTML,61,39
atom,2012-01-20T18:18:21Z,3937,538,2025-02-23T20:17:24Z,JavaScript,100,0
lodash,2012-04-07T04:11:46Z,581,2,2025-02-23T19:44:20Z,JavaScript,100,0
architect-awesome,2018-04-06T13:30:58Z,49,0,2025-02-23T15:48:15Z,N/A,22,49
Front-end-Developer-Interview-Questions,2012-02-09T23:34:10Z,484,0,2025-02-23T15:50:26Z,Nunjucks,99,1
design-resources-for-developers,2020-05-06T14:40:35Z,939,0,2025-02-23T18:55:08Z,N/A,100,0
markdown-here,2012-05-13T03:27:22Z,25,14,2025-02-23T18:48:39Z,JavaScript,79,21
awesome-nodejs,2014-07-11T13:35:34Z,414,0,2025-02-23T20:10:58Z,N/A,100,0
jquery,2009-04-03T15:20:14Z,784,10,2025-02-23T16:46:06Z,JavaScript,95,5
awesome-courses,2014-11-15T18:36:49Z,194,0,2025-02-23T19:49:43Z,N/A,39,40
new-pac,2016-03-23T08:43:36Z,0,0,2025-02-23T20:51:26Z,Python,100,0
angular.js,2010-01-06T00:34:37Z,789,0,2025-02-23T13:17:24Z,JavaScript,100,0
immich,2022-02-03T15:56:27Z,5529,233,2025-02-23T20:47:29Z,TypeScript,99,1
annotated_deep_learning_paper_implementations,2020-08-25T02:29:34Z,102,0,2025-02-23T19:43:13Z,Python,89,11
shadowsocks-windows,2013-01-14T07:54:16Z,290,55,2025-02-23T15:46:09Z,C#,100,0
docusaurus,2017-06-20T16:13:53Z,5342,149,2025-02-23T20:21:11Z,TypeScript,100,0
open-interpreter,2023-07-14T07:10:44Z,367,48,2025-02-23T20:44:53Z,Python,100,0
localsend,2022-12-16T00:46:07Z,651,24,2025-02-23T20:48:54Z,Dart,74,26
act,2019-01-02T19:53:43Z,1004,82,2025-02-23T20:22:19Z,Go,99,1
localstack,2016-10-25T23:48:03Z,5722,88,2025-02-23T20:36:40Z,Python,100,0
fuel-core,2020-08-27T21:12:14Z,1375,113,2025-02-23T17:04:05Z,Rust,100,0
alacritty,2016-02-18T05:02:30Z,1860,101,2025-02-23T19:50:25Z,Rust,96,4
llama,2023-02-14T09:29:12Z,54,0,2025-02-23T19:14:33Z,Python,95,5
spring-framework,2010-12-08T04:04:45Z,851,324,2025-02-23T20:32:44Z,Java,100,0
prometheus,2012-11-24T11:14:12Z,7129,327,2025-02-23T19:09:30Z,Go,99,1
lazygit,2018-05-19T00:53:06Z,1497,158,2025-02-23T20:46:14Z,Go,97,3
html5-boilerplate,2010-01-24T18:03:24Z,773,34,2025-02-23T14:44:53Z,JavaScript,100,0
rustlings,2015-09-15T02:25:18Z,904,45,2025-02-23T20:18:19Z,Rust,100,0
rails,2008-04-11T02:19:47Z,24692,145,2025-02-23T20:04:03Z,Ruby,100,0
nerd-fonts,2014-12-05T04:31:17Z,521,37,2025-02-23T20:37:23Z,CSS,100,0
nuxt,2016-10-26T11:18:47Z,6155,234,2025-02-23T19:32:22Z,TypeScript,100,0
lobe-chat,2023-05-21T07:19:12Z,1809,1000,2025-02-23T20:50:05Z,TypeScript,100,0
gatsby,2015-05-21T22:43:05Z,18147,149,2025-02-23T19:41:53Z,JavaScript,100,0
DeepLearning-500-questions,2018-06-27T06:36:45Z,302,0,2025-02-23T13:58:25Z,JavaScript,67,33
private-gpt,2023-05-02T09:15:31Z,226,10,2025-02-23T17:43:46Z,Python,100,0
you-get,2012-08-20T15:53:36Z,582,123,2025-02-23T20:47:09Z,Python,0,0
leetcode,2018-03-30T09:13:51Z,257,40,2025-02-23T20:02:53Z,JavaScript,98,2
awesome-flutter,2017-05-07T11:45:27Z,444,0,2025-02-23T19:17:02Z,Dart,0,0
zed,2021-02-20T03:01:06Z,10968,728,2025-02-23T20:43:06Z,Rust,100,0
ghidra,2019-03-01T03:27:48Z,496,42,2025-02-23T20:40:57Z,Java,91,9
awesome-chatgpt-prompts-zh,2022-12-12T01:55:03Z,33,0,2025-02-23T17:48:48Z,N/A,58,38
scrapy,2010-02-22T02:01:14Z,2253,39,2025-02-23T18:48:22Z,Python,96,4
face_recognition,2017-03-03T21:52:39Z,94,2,2025-02-23T19:19:26Z,Python,99,1
element,2016-09-03T06:19:26Z,3231,145,2025-02-23T04:52:56Z,Vue,100,0
react-router,2014-05-16T22:22:51Z,2736,293,2025-02-23T16:57:49Z,TypeScript,100,0
leetcode-master,2019-12-14T12:05:42Z,2290,0,2025-02-23T19:24:42Z,Shell,34,66
tldr,2013-12-08T07:34:43Z,12923,5,2025-02-23T20:47:51Z,Markdown,100,0
ChatGPT,2022-12-07T09:43:02Z,123,34,2025-02-23T17:50:16Z,Rust,93,7
git,2008-07-23T14:21:26Z,3,0,2025-02-23T20:14:52Z,C,0,0
Real-Time-Voice-Cloning,2019-05-26T08:56:15Z,48,0,2025-02-23T18:34:40Z,Python,98,2
Prompt-Engineering-Guide,2022-12-16T16:04:50Z,302,0,2025-02-23T16:49:38Z,MDX,54,46
traefik,2015-09-13T19:04:02Z,4493,459,2025-02-23T20:47:01Z,Go,94,6
faceswap,2017-12-19T09:44:13Z,357,4,2025-02-23T20:06:25Z,Python,99,1
gpt-engineer,2023-04-29T12:52:15Z,351,20,2025-02-23T19:07:13Z,Python,100,0
normalize.css,2011-05-04T10:20:25Z,56,0,2025-02-23T13:39:19Z,CSS,100,0
weekly,2018-10-13T12:36:07Z,93,0,2025-02-23T16:41:42Z,N/A,40,60
drawio-desktop,2017-05-25T20:58:42Z,20,150,2025-02-23T20:19:19Z,JavaScript,100,0
openpilot,2016-11-24T01:33:30Z,10889,55,2025-02-23T20:50:35Z,Python,100,0
requests,2011-02-13T18:38:17Z,1567,12,2025-02-23T18:34:44Z,Python,100,0
yolov5,2020-05-18T03:45:11Z,2178,10,2025-02-23T19:41:41Z,Python,98,2
mkcert,2018-06-25T05:33:03Z,52,14,2025-02-23T19:39:24Z,Go,89,11
nocodb,2017-10-29T18:51:48Z,4392,162,2025-02-23T20:27:48Z,TypeScript,91,9
Stirling-PDF,2023-01-27T18:22:42Z,1499,112,2025-02-23T20:19:36Z,Java,94,6
hackingtool,2020-04-11T09:21:31Z,55,0,2025-02-23T20:43:18Z,Python,100,0
awesome-android-ui,2014-12-24T01:45:03Z,90,0,2025-02-23T19:44:49Z,N/A,91,9
ionic-framework,2013-08-20T23:06:02Z,6041,889,2025-02-23T12:06:30Z,TypeScript,100,0
bat,2018-04-21T10:52:23Z,1387,41,2025-02-23T19:39:56Z,Rust,100,0
Semantic-UI,2013-04-08T23:32:04Z,357,154,2025-02-23T13:09:07Z,JavaScript,100,0
material-design-icons,2014-10-08T18:01:28Z,48,16,2025-02-23T16:37:17Z,N/A,91,9
project-layout,2017-09-09T16:33:26Z,91,0,2025-02-23T20:45:14Z,Makefile,37,63
Magisk,2016-09-08T12:42:53Z,1532,143,2025-02-23T20:31:13Z,C++,100,0
anime,2016-03-13T21:37:45Z,72,15,2025-02-23T19:55:09Z,JavaScript,99,1
rich,2019-11-10T15:28:09Z,806,168,2025-02-23T20:00:43Z,Python,100,0
guava,2014-05-29T16:23:17Z,827,48,2025-02-23T18:24:19Z,Java,100,0
pi-hole,2014-06-08T15:02:55Z,1983,111,2025-02-23T20:51:34Z,Shell,100,0
ripgrep,2016-03-11T02:02:33Z,510,72,2025-02-23T19:44:10Z,Rust,100,0
zustand,2019-04-09T09:10:06Z,743,92,2025-02-23T19:43:38Z,TypeScript,99,1
minio,2015-01-14T19:23:58Z,9753,510,2025-02-23T20:10:22Z,Go,100,0
grok-1,2024-03-17T08:53:38Z,5,0,2025-02-23T20:18:28Z,Python,80,20
kotlin,2012-02-13T17:29:58Z,2063,248,2025-02-23T15:27:24Z,Kotlin,0,0
prettier,2016-11-29T17:13:37Z,8465,123,2025-02-23T20:24:33Z,JavaScript,100,0
uBlock,2015-04-01T17:51:11Z,247,273,2025-02-23T20:25:08Z,JavaScript,100,0
pdf.js,2011-04-26T06:32:03Z,7777,70,2025-02-23T19:47:22Z,JavaScript,100,0
Docker-OSX,2020-06-04T11:01:37Z,105,0,2025-02-23T20:53:31Z,Shell,80,20
github-cheat-sheet,2014-04-12T16:38:42Z,129,0,2025-02-23T18:44:25Z,N/A,48,22
jekyll,2008-10-20T06:29:03Z,3178,112,2025-02-23T15:40:37Z,Ruby,100,0
dive,2018-05-13T15:44:01Z,141,26,2025-02-23T20:19:43Z,Go,85,15
bulma,2016-01-23T23:48:34Z,638,21,2025-02-23T04:59:03Z,CSS,98,2
meilisearch,2018-04-23T11:45:28Z,1927,240,2025-02-23T18:18:00Z,Rust,100,0
astro,2021-03-15T17:19:47Z,6835,1000,2025-02-23T20:52:21Z,TypeScript,100,0
DefinitelyTyped,2012-10-05T16:39:45Z,51045,1,2025-02-23T20:44:20Z,TypeScript,99,1
langflow,2023-02-08T22:28:03Z,3371,249,2025-02-23T20:44:17Z,Python,100,0
rclone,2014-03-16T16:19:57Z,2010,108,2025-02-23T20:23:51Z,Go,98,2
segment-anything,2023-03-23T17:03:03Z,16,0,2025-02-23T19:03:46Z,Jupyter Notebook,31,69
core,2018-06-12T13:49:36Z,2959,238,2025-02-23T20:32:07Z,TypeScript,99,1
awesome-rust,2014-07-17T10:45:10Z,1479,0,2025-02-23T20:32:18Z,Rust,93,7
trackerslist,2016-04-24T11:57:57Z,1,0,2025-02-23T17:12:19Z,N/A,99,1
chinese-poetry,2016-09-02T03:32:25Z,135,1,2025-02-23T14:42:17Z,JavaScript,65,35
marktext,2017-11-12T16:05:25Z,939,36,2025-02-23T19:58:18Z,JavaScript,98,2
Ghost,2013-05-04T11:09:13Z,12272,845,2025-02-23T20:38:33Z,JavaScript,100,0
etcd,2013-07-06T21:57:21Z,9193,243,2025-02-23T17:41:23Z,Go,100,0
go-ethereum,2013-12-26T13:05:46Z,7780,207,2025-02-23T16:38:38Z,Go,100,0
awesome-ios,2014-07-10T16:03:45Z,2233,0,2025-02-23T11:56:10Z,Swift,100,0
cypress,2015-03-04T00:46:28Z,6630,358,2025-02-23T11:13:41Z,TypeScript,99,1
clash-verge-rev,2023-11-21T18:24:03Z,136,42,2025-02-23T19:26:55Z,TypeScript,99,1
moment,2011-03-01T02:46:06Z,714,0,2025-02-23T17:24:46Z,JavaScript,100,0
RxJava,2013-01-08T20:11:48Z,3292,235,2025-02-23T20:29:04Z,Java,100,0
powerlevel10k,2019-02-24T19:09:45Z,167,33,2025-02-23T17:58:40Z,Shell,100,0
hacker-scripts,2015-11-21T19:05:09Z,63,0,2025-02-23T19:43:21Z,JavaScript,52,35
FFmpeg,2011-04-14T14:12:38Z,16,0,2025-02-23T18:36:41Z,C,0,0
joplin,2017-01-16T21:49:41Z,3836,369,2025-02-23T20:30:37Z,TypeScript,99,1
mastodon,2016-02-22T15:01:25Z,16594,262,2025-02-23T20:44:14Z,Ruby,99,1
hiring-without-whiteboards,2017-03-15T05:09:01Z,1297,0,2025-02-23T20:18:45Z,JavaScript,0,0
OpenHands,2024-03-13T03:33:31Z,3440,42,2025-02-23T20:42:05Z,Python,100,0
dayjs,2018-04-10T09:26:44Z,695,119,2025-02-23T20:26:20Z,JavaScript,97,3
appwrite,2019-04-08T16:36:25Z,3326,104,2025-02-23T16:26:39Z,TypeScript,98,2
MetaGPT,2023-06-30T09:04:55Z,646,21,2025-02-23T20:41:17Z,Python,98,2
professional-programming,2015-11-07T05:07:52Z,38,0,2025-02-23T17:20:19Z,Python,28,0
gitea,2016-11-01T02:13:26Z,16985,205,2025-02-23T20:24:37Z,Go,94,6
starship,2019-04-02T03:23:12Z,2784,134,2025-02-23T20:25:49Z,Rust,95,5
ImHex,2020-11-10T14:27:00Z,594,76,2025-02-23T20:08:29Z,C++,99,1
algorithm-visualizer,2016-05-15T00:27:45Z,183,0,2025-02-23T07:09:05Z,JavaScript,73,27
first-contributions,2016-09-20T14:35:09Z,79722,0,2025-02-23T20:40:59Z,N/A,100,0
big-list-of-naughty-strings,2015-08-08T20:57:20Z,90,0,2025-02-23T08:35:56Z,Python,32,68
llm-course,2023-06-17T22:16:25Z,1,0,2025-02-23T20:20:54Z,Jupyter Notebook,27,47
awesome-wechat-weapp,2016-09-22T20:04:48Z,277,0,2025-02-23T17:39:33Z,N/A,0,0
Motrix,2018-12-18T11:45:05Z,192,21,2025-02-23T14:40:40Z,JavaScript,94,6
PaddleOCR,2020-05-08T10:38:16Z,2597,16,2025-02-23T15:05:38Z,Python,100,0
serverless,2015-04-21T03:48:40Z,4721,431,2025-02-23T12:28:08Z,JavaScript,100,0
PowerShell,2016-01-13T23:41:35Z,7284,181,2025-02-23T20:30:34Z,C#,100,0
alist,2020-12-23T17:40:29Z,778,124,2025-02-23T17:05:35Z,Go,100,0
100-Days-Of-ML-Code,2018-07-05T09:11:43Z,6,0,2025-02-23T18:20:29Z,N/A,0,0
julia,2011-04-21T07:01:50Z,24932,171,2025-02-23T20:14:57Z,Julia,99,1
okhttp,2012-07-23T13:42:55Z,3517,0,2025-02-23T17:33:01Z,Kotlin,100,0
design-patterns-for-humans,2017-02-16T21:24:39Z,50,0,2025-02-23T20:42:15Z,N/A,47,5
react,2018-06-02T04:08:16Z,370,0,2025-02-23T20:33:23Z,JavaScript,100,0
AFFiNE,2022-07-31T18:45:21Z,6417,423,2025-02-23T19:47:31Z,TypeScript,100,0
learn-regex,2017-07-22T12:21:03Z,124,0,2025-02-23T12:54:48Z,N/A,35,51
Projects,2013-07-04T13:37:27Z,19,0,2025-02-23T17:39:09Z,N/A,33,41
v2ray-core,2015-09-04T11:42:53Z,203,247,2025-02-23T20:41:01Z,Go,100,0
gogs,2014-02-12T01:57:08Z,1739,82,2025-02-23T20:30:31Z,Go,97,3
x64dbg,2015-04-11T20:48:23Z,698,2,2025-02-23T19:17:33Z,C++,94,6
huginn,2013-03-10T06:00:31Z,1041,1,2025-02-23T20:01:13Z,Ruby,94,6
architecture-samples,2016-02-05T13:42:07Z,231,0,2025-02-23T19:07:06Z,Kotlin,92,8
30-Days-Of-Python,2019-11-19T17:24:16Z,55,0,2025-02-23T20:18:41Z,Python,69,31
quill,2012-07-30T23:23:18Z,379,95,2025-02-23T19:58:22Z,TypeScript,99,1
pandas,2010-08-24T01:37:33Z,26501,109,2025-02-23T20:30:43Z,Python,100,0
pixijs,2013-01-21T22:40:50Z,3569,283,2025-02-23T19:14:29Z,TypeScript,100,0
meteor,2012-01-19T01:58:17Z,2398,0,2025-02-23T12:10:09Z,JavaScript,100,0
jest,2013-12-10T00:18:04Z,5593,203,2025-02-23T17:46:01Z,TypeScript,100,0
json,2013-07-04T08:47:49Z,807,44,2025-02-23T20:39:06Z,C++,100,0
type-challenges,2020-07-23T14:33:11Z,574,0,2025-02-23T19:11:27Z,TypeScript,23,77
AdminLTE,2013-12-25T02:52:40Z,1539,75,2025-02-23T17:32:17Z,Astro,100,0
terraform,2014-03-13T22:25:48Z,12206,349,2025-02-23T19:15:17Z,Go,100,0
Deep-Live-Cam,2023-09-24T13:19:31Z,69,4,2025-02-23T19:48:33Z,Python,100,0
open-source-ios-apps,2015-01-26T23:32:34Z,1250,37,2025-02-23T18:25:21Z,N/A,100,0
30-Days-Of-JavaScript,2019-12-23T14:07:40Z,98,0,2025-02-23T14:07:53Z,JavaScript,49,51
PythonDataScienceHandbook,2016-08-10T14:24:36Z,28,0,2025-02-23T17:56:23Z,Jupyter Notebook,45,55
query,2019-09-10T19:23:58Z,2452,1000,2025-02-23T18:48:48Z,TypeScript,100,0
fuels-ts,2021-09-03T18:11:03Z,1856,143,2025-02-23T03:27:03Z,TypeScript,99,1
pocketbase,2022-07-05T06:06:21Z,49,195,2025-02-23T16:55:31Z,Go,98,2
fuels-rs,2021-10-31T22:33:54Z,858,110,2025-02-23T18:17:54Z,Rust,98,2
hyper,2016-07-01T06:01:21Z,3291,88,2025-02-23T18:06:30Z,TypeScript,94,6
parcel,2017-08-07T16:36:47Z,2577,39,2025-02-23T18:42:40Z,JavaScript,99,1
htmx,2020-04-13T16:17:51Z,872,24,2025-02-23T20:50:05Z,JavaScript,97,3
awesome-react-components,2016-06-24T15:19:33Z,324,0,2025-02-23T20:02:50Z,N/A,44,7
zx,2021-05-05T05:50:01Z,375,79,2025-02-23T17:25:19Z,JavaScript,100,0
TensorFlow-Examples,2015-11-11T14:21:19Z,88,0,2025-02-22T23:51:46Z,Jupyter Notebook,39,61
build-web-application-with-golang,2012-08-02T11:49:35Z,757,0,2025-02-23T14:28:44Z,Go,98,2
babel,2014-09-28T13:38:23Z,6062,426,2025-02-23T13:12:55Z,TypeScript,100,0
Fooocus,2023-08-09T18:43:40Z,447,21,2025-02-23T19:40:16Z,Python,95,5
retrofit,2010-09-06T21:39:43Z,1048,2,2025-02-23T07:05:07Z,HTML,100,0
CppCoreGuidelines,2015-08-19T20:22:52Z,807,4,2025-02-23T20:13:44Z,CSS,93,7
discourse,2013-01-12T00:25:55Z,27424,0,2025-02-23T20:38:20Z,Ruby,0,0
frontend-dev-bookmarks,2013-06-22T13:23:55Z,129,1,2025-02-23T20:05:28Z,N/A,81,19
jadx,2013-03-18T17:08:21Z,525,30,2025-02-23T18:46:45Z,Java,94,6
open-source-mac-os-apps,2017-11-03T02:35:33Z,523,0,2025-02-23T18:57:52Z,N/A,92,8
awesome-java,2014-07-09T10:12:43Z,691,0,2025-02-23T17:32:31Z,N/A,100,0
text-generation-webui,2022-12-21T04:17:37Z,1076,58,2025-02-23T20:33:23Z,Python,100,0
brew,2016-03-06T05:08:38Z,12086,411,2025-02-23T20:30:49Z,Ruby,100,0
react-use,2018-10-27T10:16:05Z,1520,256,2025-02-23T20:06:20Z,TypeScript,79,21
react-hook-form,2019-03-05T23:47:10Z,1995,564,2025-02-23T20:14:58Z,TypeScript,100,0
grpc,2014-12-08T18:58:53Z,19590,338,2025-02-23T13:02:29Z,C++,99,1
lx-music-desktop,2019-08-14T14:31:08Z,78,109,2025-02-23T17:38:58Z,TypeScript,99,1
kubernetes-the-hard-way,2016-07-07T14:15:27Z,71,0,2025-02-23T19:39:36Z,N/A,100,0
front-end-interview-handbook,2018-01-13T19:40:08Z,310,0,2025-02-23T14:45:30Z,MDX,87,13
lazydocker,2019-05-18T08:53:50Z,186,42,2025-02-23T20:40:16Z,Go,81,19
Leaflet,2010-09-22T16:57:44Z,2998,31,2025-02-23T19:51:41Z,JavaScript,100,0
Rocket.Chat,2015-05-19T07:36:09Z,13571,1000,2025-02-23T20:44:08Z,TypeScript,99,1
vaultwarden,2018-02-17T22:40:20Z,913,69,2025-02-23T20:42:00Z,Rust,100,0
git-flight-rules,2014-07-22T20:35:09Z,224,0,2025-02-23T04:53:57Z,N/A,55,18
pm2,2013-05-21T03:25:25Z,550,124,2025-02-23T04:54:31Z,JavaScript,100,0
dbeaver,2015-10-21T08:26:28Z,5539,218,2025-02-23T20:28:15Z,Java,98,2
Alamofire,2014-07-31T05:56:19Z,650,102,2025-02-23T20:28:35Z,Swift,100,0
awesome-cheatsheets,2017-11-09T02:47:15Z,169,0,2025-02-23T18:25:09Z,JavaScript,57,35
edex-ui,2017-01-28T09:35:02Z,399,29,2025-02-23T18:36:39Z,JavaScript,100,0
JeecgBoot,2018-11-26T10:40:00Z,88,53,2025-02-23T15:47:38Z,Java,100,0
LLaMA-Factory,2023-05-28T10:09:12Z,395,32,2025-02-23T20:39:14Z,Python,100,0
monaco-editor,2016-06-07T16:56:31Z,463,91,2025-02-23T19:58:25Z,JavaScript,99,1
yarn,2016-01-19T17:39:16Z,1654,152,2025-02-23T14:23:42Z,JavaScript,100,0
awesome-design-patterns,2018-06-04T17:47:48Z,31,0,2025-02-23T20:08:23Z,N/A,5,10
acme.sh,2015-12-26T12:56:33Z,1375,44,2025-02-23T15:41:55Z,Shell,99,1
prisma,2019-06-20T13:33:47Z,5746,209,2025-02-23T20:28:26Z,TypeScript,95,5
FreeDomain,2024-05-30T13:23:00Z,0,0,2025-02-23T19:27:32Z,HTML,0,0
reactjs-interview-questions,2018-05-31T17:17:01Z,157,0,2025-02-23T15:39:43Z,JavaScript,95,5
GPT-SoVITS,2024-01-14T18:05:21Z,280,1,2025-02-23T20:21:49Z,Python,76,24
vue2-elm,2016-12-23T01:49:20Z,21,0,2025-02-23T13:47:50Z,Vue,100,0
ChatGLM-6B,2023-03-13T12:00:18Z,49,0,2025-02-23T11:26:12Z,Python,96,4
what-happens-when,2013-11-07T04:30:06Z,108,0,2025-02-23T13:22:23Z,N/A,20,80
python-patterns,2012-06-06T21:02:35Z,265,0,2025-02-23T12:10:41Z,Python,78,11
uv,2023-10-02T20:24:11Z,5775,157,2025-02-23T20:44:37Z,Rust,99,1
metabase,2015-02-02T19:25:47Z,28146,619,2025-02-23T20:13:42Z,Clojure,99,1
pyenv,2012-08-31T06:57:52Z,936,120,2025-02-23T20:49:02Z,Roff,100,0
odoo,2014-05-13T15:38:58Z,6179,0,2025-02-23T20:39:44Z,Python,100,0
dubbo,2012-06-19T07:56:02Z,5584,107,2025-02-23T12:38:52Z,Java,100,0
styled-components,2016-08-16T06:41:32Z,953,172,2025-02-23T17:05:38Z,TypeScript,100,0
spark,2014-02-25T08:00:08Z,7,0,2025-02-23T19:10:55Z,Scala,0,0
swiper,2012-03-14T19:11:45Z,592,81,2025-02-23T18:16:29Z,JavaScript,100,0
nw.js,2012-01-04T06:21:10Z,575,0,2025-02-23T08:52:07Z,JavaScript,98,2
LLMs-from-scratch,2023-07-23T18:15:57Z,280,0,2025-02-23T20:42:02Z,Jupyter Notebook,100,0
uni-app,2018-07-12T08:52:39Z,322,0,2025-02-23T11:32:23Z,JavaScript,98,2
ColossalAI,2021-10-28T16:19:44Z,3620,48,2025-02-23T20:34:34Z,Python,99,1
diagrams,2020-02-02T15:23:24Z,305,43,2025-02-23T19:32:09Z,Python,62,38
CPlusPlusThings,2019-07-14T08:45:45Z,72,0,2025-02-23T19:07:03Z,C++,100,0
vuetify,2016-09-12T00:39:35Z,4068,577,2025-02-23T15:57:32Z,TypeScript,100,0
maybe,2024-01-01T22:23:46Z,848,25,2025-02-23T20:50:25Z,Ruby,100,0
kong,2014-11-17T23:56:08Z,6381,144,2025-02-23T14:20:55Z,Lua,100,0
stablediffusion,2022-11-23T23:59:50Z,18,0,2025-02-23T16:01:24Z,Python,37,63
ailearning,2017-02-25T08:53:02Z,478,2,2025-02-23T18:54:37Z,Python,100,0
sentry,2010-08-30T22:06:41Z,62684,145,2025-02-23T18:33:11Z,Python,100,0
autogen,2023-08-18T11:43:45Z,2067,75,2025-02-23T19:52:56Z,Python,100,0
hexo,2012-09-23T15:17:08Z,932,114,2025-02-23T18:24:20Z,TypeScript,100,0
fastlane,2014-12-02T17:00:38Z,6212,548,2025-02-23T14:04:24Z,Ruby,100,0
black,2018-03-14T19:54:45Z,1536,46,2025-02-23T19:23:52Z,Python,100,0
nvm-windows,2014-09-20T16:37:28Z,107,23,2025-02-23T19:45:29Z,Go,97,3
nanoGPT,2022-12-28T00:51:12Z,45,0,2025-02-23T20:30:58Z,Python,39,61
cobra,2013-09-03T20:40:26Z,609,24,2025-02-23T15:58:58Z,Go,99,1
iina,2016-12-19T07:18:45Z,776,44,2025-02-23T19:39:46Z,Swift,91,9
ragflow,2023-12-12T06:13:13Z,2253,21,2025-02-23T20:40:05Z,TypeScript,94,6
fanqiang,2015-01-14T00:34:25Z,3,3,2025-02-23T14:32:51Z,Kotlin,10,90
llama_index,2022-11-02T04:24:54Z,6081,360,2025-02-23T20:35:15Z,Python,100,0
termux-app,2015-10-23T09:42:46Z,160,91,2025-02-23T19:38:28Z,Java,90,10
ClickHouse,2016-06-02T08:28:18Z,44624,626,2025-02-23T20:31:03Z,C++,100,0
cheat.sh,2017-05-07T21:40:56Z,124,0,2025-02-23T20:37:59Z,Python,57,43
vllm,2023-02-09T11:23:20Z,4680,50,2025-02-23T20:31:47Z,Python,100,0
tldraw,2021-05-09T11:48:37Z,2834,59,2025-02-23T20:00:45Z,TypeScript,95,5
airflow,2015-04-13T18:04:58Z,24578,93,2025-02-23T20:45:54Z,Python,100,0
materialize,2014-09-12T19:35:38Z,449,41,2025-02-23T20:28:30Z,JavaScript,99,1
Deep-Learning-Papers-Reading-Roadmap,2016-10-14T11:49:48Z,28,0,2025-02-23T17:48:43Z,Python,5,50
tabler,2018-02-01T09:08:59Z,592,47,2025-02-23T19:01:39Z,HTML,100,0
bert,2018-10-25T22:57:34Z,32,0,2025-02-23T18:24:21Z,Python,98,2
markitdown,2024-11-13T19:56:40Z,78,3,2025-02-23T20:07:38Z,HTML,25,75
php-src,2011-06-16T01:52:25Z,3724,7,2025-02-23T20:04:56Z,C,85,15
v2rayNG,2019-05-15T02:15:31Z,406,227,2025-02-23T19:54:36Z,Kotlin,100,0
chinese-independent-developer,2017-09-21T11:08:23Z,267,0,2025-02-23T17:21:22Z,N/A,99,1
esbuild,2016-06-14T16:08:50Z,235,292,2025-02-23T03:36:46Z,Go,98,2
anything-llm,2023-06-04T02:29:14Z,855,11,2025-02-23T19:52:20Z,JavaScript,100,0
chakra-ui,2019-08-17T14:27:54Z,2654,1000,2025-02-23T05:24:09Z,TypeScript,100,0
video.js,2010-05-14T18:45:10Z,1793,328,2025-02-23T13:48:34Z,JavaScript,100,0
wrk,2012-03-20T11:12:28Z,0,0,2025-02-23T19:57:04Z,C,96,4
cli,2019-10-03T15:24:53Z,2385,156,2025-02-23T11:32:30Z,Go,96,4
50projects50days,2020-11-16T14:39:01Z,43,0,2025-02-23T16:33:39Z,CSS,0,0
Made-With-ML,2018-11-05T03:44:27Z,147,0,2025-02-23T19:58:09Z,Jupyter Notebook,57,16
bevy,2020-01-18T21:13:55Z,4933,35,2025-02-23T20:28:58Z,Rust,95,5
mitmproxy,2010-02-16T04:10:13Z,2527,72,2025-02-23T20:46:33Z,Python,100,0
whisper.cpp,2022-09-25T18:26:37Z,623,24,2025-02-23T20:41:06Z,C++,88,12
tidb,2015-09-06T04:01:52Z,31477,205,2025-02-23T17:18:59Z,Go,100,0
English-level-up-tips,2017-05-30T07:18:52Z,26,0,2025-02-23T14:33:59Z,HTML,72,27
TTS,2020-05-20T15:45:28Z,467,98,2025-02-23T18:35:12Z,Python,100,0
FastChat,2023-03-19T00:18:02Z,848,14,2025-02-23T20:53:35Z,Python,98,2
styleguide,2015-05-20T19:18:59Z,176,0,2025-02-23T17:21:40Z,HTML,82,18
zju-icicles,2016-06-28T16:17:32Z,222,0,2025-02-23T13:39:17Z,HTML,68,10
typst,2019-09-24T21:41:56Z,1543,21,2025-02-23T20:47:01Z,Rust,89,11
MPAndroidChart,2014-04-25T14:29:47Z,190,44,2025-02-23T04:01:18Z,Java,100,0
impress.js,2011-12-28T22:23:19Z,121,15,2025-02-23T14:16:17Z,JavaScript,100,0
streamlit,2019-08-24T00:14:52Z,4623,92,2025-02-23T20:31:04Z,Python,98,2
coolify,2021-01-25T20:54:01Z,1430,589,2025-02-23T20:44:54Z,PHP,100,0
EasySpider,2020-07-18T02:41:27Z,40,10,2025-02-23T19:55:53Z,JavaScript,97,3
phaser,2013-04-12T12:27:51Z,1704,164,2025-02-23T20:54:15Z,JavaScript,100,0
gorm,2013-10-25T08:31:38Z,730,2,2025-02-23T18:09:23Z,Go,100,0
zig,2015-08-06T00:51:28Z,8541,18,2025-02-23T20:46:01Z,Zig,93,7
expo,2016-08-15T17:14:25Z,15786,0,2025-02-23T20:18:59Z,TypeScript,100,0
awesome-compose,2020-02-13T08:51:42Z,149,0,2025-02-23T20:31:47Z,HTML,37,63
vim,2015-08-18T21:03:56Z,438,0,2025-02-23T19:38:58Z,Vim Script,87,13
WeChatMsg,2023-01-11T05:03:49Z,62,33,2025-02-23T20:54:19Z,Python,96,4
jellyfin,2018-12-09T06:36:45Z,4468,85,2025-02-23T20:12:26Z,C#,100,0
quivr,2023-05-12T23:53:30Z,1798,354,2025-02-23T20:28:56Z,Python,100,0
free,2020-06-07T02:48:33Z,0,0,2025-02-23T17:49:22Z,N/A,46,54
TrafficMonitor,2017-07-30T02:51:17Z,52,26,2025-02-23T20:25:51Z,C++,75,25
Open-Assistant,2022-12-13T05:24:17Z,1616,127,2025-02-23T19:34:39Z,Python,99,1
memos,2021-12-08T15:30:18Z,1613,75,2025-02-23T18:06:50Z,Go,100,0
freecodecamp.cn,2016-09-30T03:13:43Z,55,0,2025-02-23T01:53:39Z,CSS,100,0
preact,2015-09-11T02:40:18Z,1803,221,2025-02-23T18:41:40Z,JavaScript,100,0
leveldb,2014-08-27T21:17:52Z,64,21,2025-02-23T15:56:13Z,C++,98,2
bark,2023-04-07T19:34:48Z,19,0,2025-02-23T19:59:04Z,Jupyter Notebook,99,1
tutorials,2013-04-29T18:26:36Z,12985,0,2025-02-23T04:02:35Z,Java,100,0
jsoncrack.com,2022-01-30T15:25:18Z,83,20,2025-02-23T19:55:55Z,TypeScript,99,1
shellcheck,2012-11-17T03:15:11Z,286,29,2025-02-23T17:52:55Z,Haskell,98,2
ultralytics,2022-09-11T16:39:45Z,2834,152,2025-02-23T20:53:55Z,Python,100,0
curl,2010-03-18T22:32:22Z,190,87,2025-02-23T20:45:56Z,C,100,0
DeepSpeed,2020-01-23T18:35:18Z,2565,87,2025-02-23T20:52:56Z,Python,91,9
python-cheatsheet,2018-01-25T04:16:53Z,14,0,2025-02-23T20:14:13Z,Python,61,5
ant-design-pro,2017-08-25T10:40:44Z,972,26,2025-02-23T15:17:29Z,TypeScript,99,1
awesome-remote-job,2015-01-02T00:31:34Z,582,0,2025-02-23T19:45:14Z,N/A,71,3
pure-bash-bible,2018-06-13T01:39:33Z,28,0,2025-02-23T19:20:53Z,Shell,33,43
interview_internal_reference,2019-06-10T06:54:19Z,35,0,2025-02-23T07:00:44Z,Python,18,28
aria2,2010-11-27T09:41:48Z,252,24,2025-02-23T20:21:41Z,C++,77,23
freqtrade,2017-05-17T23:48:53Z,5544,94,2025-02-23T20:05:24Z,Python,99,1
penpot,2015-12-29T22:09:07Z,3586,46,2025-02-23T20:44:08Z,Clojure,94,6
tmux,2015-06-03T23:32:55Z,1,37,2025-02-23T20:45:36Z,C,100,0
photoprism,2018-01-27T12:00:15Z,705,72,2025-02-23T20:10:31Z,Go,91,9
istio,2016-11-18T23:57:21Z,27269,373,2025-02-23T15:33:59Z,Go,100,0
GFPGAN,2021-03-19T06:18:20Z,14,8,2025-02-23T16:11:32Z,Python,59,41
novu,2021-08-26T15:22:44Z,5084,40,2025-02-23T19:41:04Z,TypeScript,97,3
gradio,2018-12-19T08:24:04Z,4290,1000,2025-02-23T18:05:37Z,Python,100,0
JavaFamily,2019-11-12T04:26:18Z,2,0,2025-02-23T12:40:12Z,N/A,60,3
Summer2025-Internships,2020-05-23T20:53:18Z,1668,0,2025-02-23T20:48:51Z,N/A,100,0
OpenBB,2020-12-20T10:46:38Z,4021,42,2025-02-23T20:41:42Z,Python,100,0
Files,2019-01-04T18:19:14Z,5127,123,2025-02-23T20:51:54Z,C#,100,0
AI-For-Beginners,2021-03-03T16:27:36Z,167,0,2025-02-23T20:24:50Z,Jupyter Notebook,87,13
GitHubDaily,2018-12-30T13:56:58Z,3,0,2025-02-23T20:29:17Z,N/A,99,1
aspnetcore,2014-03-11T06:09:42Z,16908,243,2025-02-23T16:28:26Z,C#,99,1
manifesto,2023-08-13T16:17:24Z,764,0,2025-02-23T13:03:40Z,HTML,13,13
trpc,2020-07-18T01:17:11Z,3539,200,2025-02-23T15:00:52Z,TypeScript,99,1
v,2019-02-08T02:57:06Z,11649,246,2025-02-23T19:12:48Z,V,100,0
taro,2018-04-08T09:32:26Z,3270,186,2025-02-23T15:01:27Z,TypeScript,100,0
deeplearningbook-chinese,2016-12-07T11:46:51Z,16,7,2025-02-23T15:57:07Z,TeX,92,8
ruff,2022-08-09T17:17:44Z,8960,348,2025-02-23T20:35:50Z,Rust,97,3
tesseract.js,2015-06-24T02:49:52Z,190,55,2025-02-23T05:54:07Z,JavaScript,100,0
wtfpython,2017-08-28T20:22:19Z,109,2,2025-02-23T11:52:10Z,Python,87,13
helix,2020-06-01T04:26:56Z,3894,28,2025-02-23T19:05:30Z,Rust,98,2
arthas,2018-08-29T17:15:57Z,529,58,2025-02-22T15:33:08Z,Java,98,2
pandoc,2010-03-20T20:34:23Z,1638,143,2025-02-23T17:59:33Z,Haskell,99,1
wtfjs,2017-07-14T15:42:12Z,124,25,2025-02-23T20:42:08Z,JavaScript,94,6
og-aws,2016-07-13T17:30:16Z,498,0,2025-02-23T16:07:03Z,Shell,40,60
DragGAN,2023-05-18T10:08:02Z,18,0,2025-02-23T20:07:25Z,Python,39,61
lerna,2015-12-04T09:36:55Z,978,240,2025-02-23T19:15:23Z,TypeScript,99,1
MockingBird,2021-08-07T03:53:39Z,81,1,2025-02-23T17:14:18Z,Python,95,5
devdocs,2013-10-24T18:16:07Z,849,0,2025-02-23T17:19:58Z,Ruby,96,4
appsmith,2020-06-30T04:07:36Z,13277,267,2025-02-23T19:54:17Z,TypeScript,100,0
zod,2020-03-07T20:59:08Z,533,92,2025-02-23T18:32:46Z,TypeScript,100,0
insomnia,2016-04-23T03:54:26Z,3044,495,2025-02-23T20:51:22Z,JavaScript,100,0
fd,2017-05-09T21:27:10Z,611,40,2025-02-23T17:31:32Z,Rust,100,0
ray,2016-10-25T19:38:30Z,24582,100,2025-02-23T20:28:45Z,Python,99,1
daisyui,2020-11-28T22:57:27Z,351,53,2025-02-23T20:15:34Z,Svelte,100,0
googletest,2015-07-28T15:07:53Z,810,10,2025-02-23T19:27:52Z,C++,100,0
shadowsocks-android,2012-12-16T13:40:29Z,256,185,2025-02-23T10:14:13Z,Kotlin,100,0
hello-algorithm,2020-05-29T05:47:09Z,26,0,2025-02-23T16:29:17Z,Java,32,12
interview,2018-02-09T09:49:48Z,35,0,2025-02-23T20:48:10Z,C++,40,24
Flowise,2023-03-31T12:23:09Z,1061,62,2025-02-23T20:10:44Z,TypeScript,94,6
spotube,2021-02-14T03:17:58Z,231,37,2025-02-23T20:31:32Z,Dart,96,4
gym,2016-04-27T14:59:16Z,999,19,2025-02-23T19:52:36Z,Python,100,0
sheetjs,2012-12-03T19:25:52Z,106,0,2025-02-23T18:36:12Z,N/A,96,4
fullPage.js,2013-09-20T11:58:29Z,315,101,2025-02-23T13:51:30Z,JavaScript,100,0
koa,2013-07-20T18:53:45Z,501,2,2025-02-23T14:25:57Z,JavaScript,100,0
RSSHub,2018-04-02T14:43:21Z,10130,0,2025-02-23T19:57:50Z,TypeScript,100,0
date-fns,2014-10-06T10:24:22Z,1068,122,2025-02-23T15:37:54Z,TypeScript,100,0
lottie-android,2016-10-06T22:42:42Z,702,55,2025-02-22T18:07:43Z,Java,100,0
fiber,2020-01-16T03:59:20Z,1559,124,2025-02-23T20:05:14Z,Go,100,0
nativefier,2015-07-05T05:56:42Z,261,99,2025-02-23T20:08:37Z,TypeScript,97,3
upscayl,2022-07-30T17:19:20Z,83,29,2025-02-23T20:18:30Z,TypeScript,100,0
logseq,2020-05-23T00:06:06Z,2984,147,2025-02-23T20:42:59Z,Clojure,100,0
Pake,2022-10-14T09:32:57Z,95,31,2025-02-23T20:46:51Z,Rust,100,0
Awesome-Design-Tools,2019-02-12T13:55:30Z,283,0,2025-02-23T19:45:18Z,JavaScript,25,16
slidev,2021-04-24T01:25:23Z,654,381,2025-02-23T16:01:20Z,TypeScript,100,0
955.WLB,2019-03-27T23:53:37Z,18,0,2025-02-23T16:27:10Z,N/A,33,67
lapce,2018-02-06T08:41:06Z,1159,31,2025-02-23T18:44:13Z,Rust,92,8
hackathon-starter,2013-11-13T17:24:12Z,326,16,2025-02-22T21:49:51Z,JavaScript,100,0
google-research,2018-10-04T18:42:48Z,29,0,2025-02-23T13:14:56Z,Jupyter Notebook,41,59
chatgpt-on-wechat,2022-08-07T08:33:41Z,245,61,2025-02-23T19:22:54Z,Python,100,0
awesome-react-native,2015-03-26T19:58:06Z,912,0,2025-02-23T18:25:10Z,JavaScript,35,37
typeorm,2016-02-29T07:41:14Z,2026,32,2025-02-23T18:19:39Z,TypeScript,99,1
carbon,2017-06-16T02:50:28Z,669,215,2025-02-23T12:38:19Z,JavaScript,100,0
metasploit-framework,2011-08-30T06:13:20Z,10936,0,2025-02-23T20:20:49Z,Ruby,100,0
cli,2012-02-25T12:39:13Z,406,47,2025-02-23T17:01:46Z,Python,96,4
halo,2018-03-21T12:56:52Z,2413,208,2025-02-23T18:51:47Z,Java,100,0
ToolJet,2021-03-30T08:51:34Z,5556,283,2025-02-23T20:20:51Z,JavaScript,100,0
glide,2013-07-08T22:52:33Z,544,47,2025-02-23T20:29:05Z,Java,98,2
compose,2013-12-09T11:40:58Z,3281,247,2025-02-23T15:00:19Z,Go,100,0
the-way-to-go_ZH_CN,2013-03-24T17:18:38Z,592,0,2025-02-23T20:06:50Z,Go,0,0
ccxt,2017-05-14T15:41:56Z,12532,137,2025-02-23T20:34:40Z,Python,100,0
ChatTTS,2024-05-27T18:26:49Z,210,5,2025-02-23T19:59:09Z,Python,100,0
system-design,2022-08-15T18:59:54Z,11,0,2025-02-23T20:13:37Z,N/A,20,1
vim-plug,2013-09-10T14:58:51Z,176,8,2025-02-23T20:53:23Z,Vim Script,100,0
TaskMatrix,2023-03-02T09:04:28Z,21,0,2025-02-23T19:07:21Z,Python,56,44
HanLP,2014-10-09T06:36:16Z,79,62,2025-02-23T16:00:03Z,Python,100,0
node-v0.x-archive,2009-05-27T16:29:46Z,218,0,2025-02-23T12:24:27Z,N/A,100,0
caffe,2013-09-12T18:39:48Z,1087,14,2025-02-23T12:08:24Z,C++,99,1
cal.com,2021-03-22T13:47:42Z,8916,389,2025-02-23T20:12:26Z,TypeScript,100,0
formik,2017-06-14T19:50:59Z,829,196,2025-02-23T18:51:50Z,TypeScript,99,1
clipboard.js,2015-09-18T23:04:55Z,117,42,2025-02-23T00:21:00Z,JavaScript,99,1
12306,2017-05-17T12:23:40Z,31,1,2025-02-23T03:49:03Z,Python,98,2
awesome-javascript,2014-07-01T15:59:02Z,387,0,2025-02-23T18:54:39Z,N/A,87,4
nushell,2019-05-10T16:59:42Z,7319,104,2025-02-23T20:37:03Z,Rust,99,1
gold-miner,2015-11-04T03:29:13Z,3563,0,2025-02-23T15:59:38Z,N/A,100,0
spacedrive,2021-09-27T05:09:04Z,1880,25,2025-02-23T20:39:35Z,TypeScript,92,8
marked,2011-07-24T13:15:51Z,1489,146,2025-02-23T19:18:06Z,TypeScript,100,0
REKCARC-TSC-UHT,2019-04-05T03:31:23Z,160,0,2025-02-23T17:21:50Z,HTML,30,1
netty,2010-11-09T09:22:21Z,3938,0,2025-02-23T17:48:00Z,Java,98,2
awesome-shell,2014-07-07T01:57:42Z,307,0,2025-02-23T19:15:22Z,N/A,22,35
jieba,2012-09-29T07:52:01Z,96,9,2025-02-23T12:10:06Z,Python,55,45
react-beautiful-dnd,2017-08-09T03:37:15Z,530,68,2025-02-23T15:42:01Z,JavaScript,97,3
Langchain-Chatchat,2023-03-31T12:12:45Z,616,31,2025-02-23T16:10:41Z,TypeScript,100,0
shadowsocks,2012-04-20T13:10:49Z,70,2,2025-02-23T13:57:40Z,Python,0,0
AndroidUtilCode,2016-07-30T18:18:32Z,88,117,2025-02-23T15:21:24Z,Java,99,1
spring-boot-demo,2017-11-10T06:27:29Z,15,0,2025-02-23T14:30:14Z,Java,58,42
sqlmap,2012-06-26T09:52:15Z,169,10,2025-02-23T18:35:05Z,Python,78,22
node,2024-05-13T23:20:40Z,28,2,2025-02-23T20:44:04Z,Shell,9,5
AFNetworking,2011-05-31T21:28:44Z,710,40,2025-02-23T12:19:22Z,Objective-C,0,0
LeetCode-Go,2017-07-18T00:06:14Z,178,4,2025-02-23T12:20:32Z,Go,63,16
docs,2024-05-07T16:49:36Z,278,0,2025-02-23T20:44:26Z,MDX,13,14
pytorch-image-models,2019-02-02T05:51:12Z,439,65,2025-02-23T20:09:56Z,Python,99,1
brackets,2011-12-07T21:14:40Z,4332,69,2025-02-23T12:13:32Z,JavaScript,100,0
faiss,2017-02-07T16:07:05Z,137,18,2025-02-23T20:48:47Z,C++,99,1
windows,2024-01-14T13:09:40Z,329,81,2025-02-23T20:43:11Z,Shell,99,1
ink-kit,2024-11-04T16:32:17Z,84,0,2025-02-23T20:44:13Z,TypeScript,0,3
framework,2013-01-10T21:27:28Z,15965,801,2025-02-23T20:31:39Z,PHP,100,0
XX-Net,2015-01-15T09:35:51Z,362,388,2025-02-23T11:08:40Z,Python,98,2
husky,2014-06-23T12:14:21Z,262,80,2025-02-23T08:00:54Z,JavaScript,100,0
easyexcel,2018-02-06T03:14:08Z,190,14,2025-02-23T14:53:22Z,Java,100,0
gulp,2013-07-04T05:26:06Z,405,23,2025-02-23T12:34:31Z,JavaScript,100,0
fastify,2016-09-28T19:10:14Z,2939,290,2025-02-23T19:19:37Z,JavaScript,100,0
zxing,2011-10-12T14:07:27Z,317,31,2025-02-23T16:29:44Z,Java,100,0
leetcode,2018-09-16T14:03:03Z,3684,21,2025-02-23T18:07:00Z,Java,48,2
solid,2018-04-24T16:36:27Z,370,35,2025-02-23T17:49:48Z,TypeScript,100,0
immutable-js,2014-07-02T06:02:29Z,535,85,2025-02-23T20:35:32Z,TypeScript,98,2
NewPipe,2015-09-03T23:39:26Z,1606,135,2025-02-23T20:40:05Z,Java,99,1
Coursera-ML-AndrewNg-Notes,2017-11-04T10:04:08Z,13,0,2025-02-23T18:37:03Z,HTML,15,53
AgentGPT,2023-04-07T02:29:19Z,539,12,2025-02-23T20:07:23Z,TypeScript,89,11
JavaScript,2017-07-13T06:12:33Z,795,0,2025-02-23T20:09:51Z,JavaScript,100,0
linux-command,2016-11-12T15:44:26Z,345,30,2025-02-23T20:23:23Z,Markdown,68,32
ijkplayer,2013-06-03T04:12:04Z,35,0,2025-02-22T17:26:47Z,C,98,2
payload,2021-01-05T18:49:45Z,4826,486,2025-02-23T20:55:29Z,TypeScript,100,0
ShadowsocksX-NG,2016-06-10T11:49:00Z,64,30,2025-02-23T13:58:50Z,Swift,97,3
milvus,2019-09-16T06:43:43Z,21124,107,2025-02-23T19:52:42Z,Go,100,0
poetry,2018-02-28T15:23:47Z,2268,139,2025-02-23T20:12:44Z,Python,99,1
carbon-lang,2020-04-27T21:45:16Z,3570,231,2025-02-23T12:56:33Z,C++,92,8
Python,2011-11-30T09:04:08Z,1631,0,2025-02-23T12:13:11Z,Python,46,54
legado,2019-05-22T04:18:58Z,1077,115,2025-02-23T18:51:37Z,Kotlin,100,0
engineering-blogs,2015-06-13T18:25:17Z,681,0,2025-02-23T20:19:09Z,Ruby,74,22
plane,2022-11-19T12:55:01Z,4968,39,2025-02-23T20:29:11Z,TypeScript,80,20
harness,2014-02-07T07:54:44Z,1042,50,2025-02-23T14:52:17Z,Go,100,0
gpt-pilot,2023-08-16T11:56:07Z,395,0,2025-02-23T20:21:29Z,Python,82,18
awesome-awesomeness,2014-07-08T05:44:19Z,197,0,2025-02-23T14:14:09Z,Ruby,52,16
zsh-autosuggestions,2013-10-26T16:09:37Z,114,0,2025-02-23T20:10:21Z,Shell,100,0
material-design-lite,2015-01-14T22:01:33Z,655,14,2025-02-22T05:15:56Z,HTML,100,0
portainer,2016-05-19T20:15:28Z,4777,137,2025-02-23T20:21:45Z,TypeScript,100,0
polars,2020-05-13T19:45:33Z,10357,203,2025-02-23T19:12:03Z,Rust,100,0
How-To-Ask-Questions-The-Smart-Way,2015-03-28T16:52:40Z,98,0,2025-02-23T16:56:20Z,JavaScript,20,7
certbot,2014-11-12T02:52:20Z,3872,56,2025-02-23T17:27:11Z,Python,99,1
HEU_KMS_Activator,2019-06-23T00:49:35Z,0,40,2025-02-23T19:18:31Z,N/A,16,84
openpose,2017-04-24T14:06:31Z,174,15,2025-02-23T11:58:01Z,C++,100,0
LLM101n,2024-05-27T00:23:38Z,0,0,2025-02-23T18:10:24Z,N/A,0,0
run,2022-04-10T05:42:40Z,172,0,2025-02-23T08:44:18Z,N/A,98,2
beego,2012-02-29T02:32:08Z,1309,38,2025-02-23T14:22:25Z,Go,100,0
chatgpt-web,2023-02-09T03:21:37Z,159,43,2025-02-23T16:43:32Z,Vue,100,0
chatbox,2023-03-06T12:22:15Z,53,47,2025-02-23T20:46:22Z,TypeScript,96,4
vault,2015-02-25T00:15:59Z,19899,156,2025-02-23T14:40:17Z,Go,99,1
my-tv,2023-12-04T12:18:39Z,11,72,2025-02-23T16:09:46Z,C,95,5
shardeum,2024-04-16T22:37:25Z,176,0,2025-02-23T20:23:47Z,TypeScript,23,13
swc,2017-12-22T11:40:14Z,5072,623,2025-02-23T14:50:12Z,Rust,100,0
mattermost,2015-06-15T06:50:02Z,18016,716,2025-02-23T20:50:09Z,TypeScript,100,0
android-open-project,2014-01-05T15:20:15Z,204,0,2025-02-23T16:04:15Z,N/A,74,11
unsloth,2023-11-29T16:50:09Z,294,11,2025-02-23T20:16:49Z,Python,84,16
selenium,2013-01-14T21:40:56Z,2563,102,2025-02-23T20:15:10Z,Java,100,0
modern-unix,2021-01-12T00:50:14Z,15,0,2025-02-23T20:08:06Z,N/A,30,51
AnotherRedisDesktopManager,2019-01-08T06:01:56Z,149,53,2025-02-23T16:28:15Z,JavaScript,100,0
browser-use,2024-10-31T16:00:56Z,259,37,2025-02-23T20:55:34Z,Python,48,52
RevokeMsgPatcher,2019-07-21T15:12:52Z,10,20,2025-02-23T17:17:45Z,C#,94,6
ControlNet,2023-02-01T02:43:30Z,5,0,2025-02-23T18:42:52Z,Python,47,53
jax,2018-10-25T21:25:02Z,12111,118,2025-02-23T20:31:38Z,Python,99,1
graphql-engine,2018-06-18T07:57:36Z,2110,280,2025-02-23T20:12:29Z,TypeScript,100,0
crawl4ai,2024-05-09T09:48:50Z,46,0,2025-02-23T20:54:13Z,Python,100,0
awesome-docker,2014-09-21T17:01:48Z,929,1,2025-02-23T20:38:58Z,N/A,100,0
awesome-php,2013-11-26T03:14:19Z,444,0,2025-02-23T19:56:45Z,N/A,99,1
bruno,2022-09-27T20:51:45Z,923,124,2025-02-23T20:44:36Z,JavaScript,87,13
nps,2018-11-04T13:22:51Z,74,59,2025-02-23T15:36:20Z,Go,99,1
detectron2,2019-09-05T21:30:20Z,0,10,2025-02-23T19:58:21Z,Python,96,4
C-Plus-Plus,2016-07-16T10:19:45Z,667,0,2025-02-23T19:57:39Z,C++,100,0
yew,2017-12-16T14:19:02Z,1732,35,2025-02-23T11:28:48Z,Rust,96,4
jq,2012-07-18T19:57:25Z,578,13,2025-02-23T18:05:02Z,C,98,2
serenity,2018-12-02T19:28:41Z,19179,0,2025-02-23T19:03:59Z,C++,94,6
learnGitBranching,2012-08-13T22:36:09Z,588,0,2025-02-23T20:46:43Z,JavaScript,100,0
swr,2019-10-28T18:16:01Z,781,118,2025-02-23T19:19:27Z,TypeScript,100,0
rxjs,2015-03-15T06:17:10Z,2588,2,2025-02-23T17:38:55Z,TypeScript,100,0
OpenVoice,2023-11-29T12:17:01Z,17,0,2025-02-23T18:21:20Z,Python,35,65
fairseq,2017-08-29T16:26:12Z,233,16,2025-02-23T11:45:08Z,Python,100,0
vimrc,2012-05-29T16:19:29Z,107,0,2025-02-23T18:30:25Z,Vim Script,100,0
llvm-project,2016-12-07T09:39:33Z,38137,123,2025-02-23T20:48:37Z,LLVM,100,0
html2canvas,2011-07-16T01:05:58Z,186,45,2025-02-23T07:15:47Z,TypeScript,100,0
remote-jobs,2015-10-13T03:49:25Z,1250,0,2025-02-23T19:07:57Z,JavaScript,95,5
spaCy,2014-07-03T15:15:40Z,3581,127,2025-02-23T19:25:18Z,Python,100,0
HowToLiveLonger,2022-04-16T04:15:18Z,13,0,2025-02-23T13:32:02Z,N/A,87,13
MS-DOS,2018-06-25T18:26:02Z,37,0,2025-02-23T10:51:48Z,Assembly,0,0
cline,2024-07-06T07:28:10Z,138,49,2025-02-23T20:56:04Z,TypeScript,100,0
jQuery-File-Upload,2010-12-01T15:35:32Z,119,0,2025-02-22T17:11:45Z,PHP,100,0
ShareX,2013-10-08T23:32:10Z,744,80,2025-02-23T19:50:44Z,C#,100,0
lottie-web,2015-02-20T21:02:59Z,136,0,2025-02-22T18:07:48Z,JavaScript,100,0
Blog,2017-03-13T10:04:33Z,3,0,2025-02-23T07:28:18Z,N/A,40,60
nacos,2018-06-15T06:49:27Z,2946,76,2025-02-23T12:58:23Z,Java,97,3
aseprite,2014-08-19T23:44:50Z,347,114,2025-02-23T20:51:34Z,C++,87,13
pnpm,2016-01-28T07:40:43Z,2430,983,2025-02-23T20:25:35Z,TypeScript,100,0
pytorch-tutorial,2017-03-10T07:41:47Z,28,0,2025-02-23T16:20:47Z,Python,87,13
remix,2020-10-26T19:57:28Z,3364,155,2025-02-23T19:58:17Z,TypeScript,100,0
union,2023-05-16T22:33:39Z,1925,76,2025-02-23T20:55:49Z,Rust,93,7
floating-ui,2016-03-29T17:00:47Z,1111,467,2025-02-23T06:51:25Z,TypeScript,100,0
etcher,2015-10-27T16:53:23Z,1726,284,2025-02-23T20:44:05Z,TypeScript,97,3
outline,2016-05-22T21:31:47Z,2648,141,2025-02-23T19:43:09Z,TypeScript,100,0
dotfiles,2011-09-05T18:07:54Z,44,0,2025-02-23T14:25:12Z,Shell,75,25
LocalAI,2023-03-18T22:58:02Z,3074,69,2025-02-23T20:08:00Z,Go,89,11
WxJava,2016-01-06T08:24:05Z,988,30,2025-02-23T10:20:02Z,Java,100,0
p3c,2017-06-23T06:15:51Z,62,0,2025-02-23T05:44:21Z,Kotlin,100,0
cockroach,2014-02-06T00:18:47Z,63143,0,2025-02-23T20:45:38Z,Go,100,0
libpku,2018-11-22T13:33:06Z,22,0,2025-02-22T22:17:34Z,TeX,31,10
echo,2015-03-01T17:43:01Z,586,108,2025-02-23T20:35:00Z,Go,100,0
v2ray-core,2019-04-15T10:05:54Z,866,100,2025-02-23T19:15:32Z,Go,100,0
slate,2016-06-18T01:52:42Z,1878,186,2025-02-23T20:05:38Z,TypeScript,100,0
spring-boot-examples,2016-11-05T05:32:33Z,7,0,2025-02-23T01:06:07Z,Java,96,4
YesPlayMusic,2020-10-09T10:04:21Z,283,31,2025-02-23T17:56:11Z,Vue,98,2
lede,2017-09-06T07:39:03Z,1988,6,2025-02-23T17:08:45Z,C,100,0
CyberChef,2016-11-28T10:34:07Z,476,447,2025-02-23T14:33:54Z,JavaScript,95,5
linux-insides,2015-01-03T18:44:57Z,577,0,2025-02-23T14:50:16Z,Python,90,10
rufus,2011-11-19T19:12:05Z,1,81,2025-02-23T20:27:47Z,C,100,0
full-stack-fastapi-template,2019-02-23T15:08:34Z,377,10,2025-02-23T20:16:12Z,TypeScript,91,9
mmdetection,2018-08-22T07:06:06Z,2359,53,2025-02-23T16:03:27Z,Python,99,1
NeteaseCloudMusicApi,2016-06-22T11:58:03Z,292,0,2025-02-23T17:01:29Z,N/A,100,0
winutil,2022-04-28T02:25:19Z,762,17,2025-02-23T20:32:01Z,PowerShell,100,0
chatbot-ui,2023-03-11T14:53:14Z,281,0,2025-02-23T19:51:08Z,TypeScript,100,0
Sortable,2013-12-19T10:10:13Z,246,30,2025-02-23T15:26:50Z,JavaScript,100,0
manim,2020-05-19T02:37:13Z,1832,29,2025-02-23T20:46:43Z,Python,96,4
calculator,2019-01-28T17:55:49Z,883,0,2025-02-23T20:14:48Z,C++,75,25
symfony,2010-01-04T14:21:21Z,23430,537,2025-02-23T19:52:43Z,PHP,100,0
awesome-cto,2016-12-16T19:22:18Z,12,0,2025-02-23T20:20:35Z,N/A,9,2
HEAD,2016-04-20T20:05:37Z,86,0,2025-02-23T18:04:56Z,N/A,73,20
tabby,2023-03-16T09:18:01Z,2673,191,2025-02-23T20:24:52Z,Rust,98,2
qBittorrent,2012-02-04T09:37:46Z,3725,0,2025-02-23T15:54:31Z,C++,98,2
layui,2015-09-22T08:12:03Z,534,136,2025-02-23T02:16:44Z,JavaScript,100,0
refine,2021-01-20T12:01:32Z,4313,1000,2025-02-23T15:58:58Z,TypeScript,100,0
bulletproof-react,2021-05-30T14:47:16Z,69,0,2025-02-23T20:19:44Z,TypeScript,72,28
dokku,2013-06-08T10:26:57Z,3923,294,2025-02-23T20:44:55Z,Shell,100,0
minikube,2016-04-15T22:38:35Z,8406,150,2025-02-23T15:33:48Z,Go,100,0
webtorrent,2013-10-15T08:16:40Z,933,210,2025-02-23T14:56:49Z,JavaScript,99,1
go-zero,2020-08-07T15:37:57Z,2171,125,2025-02-23T13:31:37Z,Go,100,0
interactive-coding-challenges,2015-04-28T21:36:39Z,176,0,2025-02-23T18:43:38Z,Python,32,36
sharp,2013-08-19T20:24:24Z,288,88,2025-02-23T16:44:17Z,JavaScript,99,1
stanford_alpaca,2023-03-10T23:33:09Z,6,0,2025-02-23T19:36:46Z,Python,59,41
jsPDF,2009-12-06T14:56:32Z,713,34,2025-02-23T18:34:38Z,JavaScript,99,1
sequelize,2010-07-22T07:11:11Z,4840,484,2025-02-23T11:58:45Z,TypeScript,99,1
siyuan,2020-08-30T09:21:35Z,403,743,2025-02-23T20:56:25Z,TypeScript,100,0
mpv,2012-10-13T08:08:44Z,3267,86,2025-02-23T20:43:19Z,C,100,0
vue-cli,2015-12-26T23:11:20Z,1258,177,2025-02-22T20:35:18Z,JavaScript,100,0
Real-ESRGAN,2021-07-19T03:23:30Z,21,10,2025-02-23T20:23:31Z,Python,55,45
foundation-sites,2011-10-13T23:05:42Z,2958,79,2025-02-23T12:18:24Z,HTML,100,0
Umi-OCR,2022-03-28T04:01:46Z,45,30,2025-02-23T18:49:08Z,Python,89,11
bubbletea,2020-01-10T21:04:03Z,572,55,2025-02-23T20:50:25Z,Go,93,7
lossless-cut,2016-10-30T10:49:56Z,192,99,2025-02-23T19:58:28Z,TypeScript,99,1
Reactive-Resume,2020-03-25T14:08:22Z,633,95,2025-02-23T20:04:36Z,TypeScript,100,0
fabric.js,2010-06-09T22:24:38Z,2223,165,2025-02-23T15:19:51Z,JavaScript,100,0
AI-Expert-Roadmap,2020-10-24T21:49:40Z,13,0,2025-02-23T17:48:26Z,JavaScript,46,19
editor.js,2015-11-28T20:56:35Z,860,100,2025-02-23T19:58:29Z,TypeScript,100,0
leakcanary,2015-04-29T23:54:16Z,919,43,2025-02-22T23:58:57Z,Kotlin,100,0
influxdb,2013-09-26T14:31:10Z,10267,87,2025-02-23T18:43:41Z,Rust,100,0
hutool,2014-04-13T07:23:51Z,421,149,2025-02-22T13:55:08Z,Java,100,0
project-guidelines,2017-06-30T10:17:55Z,114,0,2025-02-23T12:00:30Z,JavaScript,29,9
uppy,2015-11-16T12:32:33Z,2960,132,2025-02-23T18:15:19Z,TypeScript,100,0
react-boilerplate,2015-02-18T14:36:32Z,715,16,2025-02-23T09:12:53Z,JavaScript,100,0
kafka,2011-08-15T18:06:16Z,10704,0,2025-02-23T18:17:37Z,Java,0,0
fabric,2024-01-03T23:18:31Z,255,92,2025-02-23T20:48:28Z,Go,95,5
phantomjs,2010-12-27T08:18:58Z,562,0,2025-02-23T08:52:17Z,C++,100,0
stats,2019-05-29T19:24:56Z,400,284,2025-02-23T20:28:35Z,Swift,100,0
netron,2010-12-26T12:53:43Z,1,3,2025-02-23T19:12:12Z,JavaScript,98,2
500lines,2013-11-04T02:02:53Z,175,0,2025-02-22T19:13:39Z,JavaScript,39,31
OpenAPI-Specification,2014-03-03T16:53:36Z,1258,12,2025-02-23T15:02:45Z,Markdown,99,1
comprehensive-rust,2022-12-21T15:17:24Z,2007,0,2025-02-23T20:15:35Z,Rust,67,33
backstage,2020-01-24T22:39:49Z,17729,406,2025-02-23T20:45:23Z,TypeScript,100,0
Mr.-Ranedeer-AI-Tutor,2023-03-31T12:37:26Z,19,3,2025-02-23T15:05:50Z,N/A,34,13
servo,2012-02-08T19:07:25Z,18555,0,2025-02-23T20:33:37Z,Rust,100,0
roop,2023-05-28T14:37:54Z,82,6,2025-02-23T14:10:50Z,Python,0,0
Hover,2014-01-02T14:27:35Z,23,10,2025-02-23T13:53:57Z,SCSS,81,19
particles.js,2014-09-06T14:29:47Z,21,6,2025-02-23T00:35:24Z,JavaScript,37,63
apollo,2016-03-04T10:24:23Z,1421,41,2025-02-23T19:53:39Z,Java,99,1
tqdm,2015-06-03T13:13:14Z,287,131,2025-02-23T17:18:25Z,Python,93,7
GPTs,2023-11-11T03:24:16Z,45,0,2025-02-23T16:51:29Z,N/A,21,6
awesome-macos-command-line,2015-09-22T19:37:55Z,104,0,2025-02-23T20:32:12Z,N/A,0,0
ruoyi-vue-pro,2021-01-24T03:18:25Z,55,34,2025-02-23T17:23:13Z,Java,100,0
standard,2015-01-27T01:23:31Z,412,7,2025-02-23T12:01:06Z,JavaScript,100,0
es6features,2014-03-03T18:29:30Z,41,0,2025-02-23T09:03:08Z,N/A,36,21
directus,2012-12-12T01:35:36Z,7728,327,2025-02-23T20:47:25Z,TypeScript,100,0
algo,2016-05-15T03:42:48Z,530,2,2025-02-23T19:18:24Z,Jinja,96,4
rocksdb,2012-11-30T06:16:18Z,606,200,2025-02-23T18:59:34Z,C++,100,0
paper-reading,2021-10-22T06:34:51Z,14,0,2025-02-23T18:30:42Z,N/A,0,0
awesome-python-cn,2015-11-03T09:50:50Z,51,0,2025-02-23T15:56:57Z,Makefile,18,13
cheerio,2011-10-09T04:23:20Z,2613,58,2025-02-23T14:41:44Z,TypeScript,100,0
COVID-19,2020-02-04T22:03:53Z,2152,0,2025-02-22T16:26:36Z,N/A,73,27
alpine,2019-11-28T13:51:55Z,655,136,2025-02-23T16:01:43Z,HTML,100,0
MonitorControl,2017-09-16T21:13:40Z,213,26,2025-02-23T20:22:00Z,Swift,100,0
data-engineering-zoomcamp,2021-10-21T09:32:50Z,376,0,2025-02-23T18:37:45Z,Jupyter Notebook,100,0
pytorch-lightning,2019-03-31T00:45:57Z,8830,163,2025-02-23T14:09:57Z,Python,100,0
folly,2012-06-01T20:49:04Z,12,228,2025-02-23T13:01:05Z,C++,100,0
swift-algorithm-club,2016-01-26T17:56:12Z,610,0,2025-02-23T19:31:12Z,Swift,100,0
weekly,2017-03-20T06:10:04Z,136,193,2025-02-23T12:50:53Z,JavaScript,99,1
tiptap,2018-08-20T19:58:58Z,1031,850,2025-02-23T19:58:32Z,TypeScript,100,0
CheatSheetSeries,2018-12-21T14:26:43Z,995,0,2025-02-23T16:48:25Z,Python,100,0
numpy,2010-09-13T23:02:39Z,12400,125,2025-02-23T20:43:19Z,Python,98,2
k3s,2018-05-31T01:37:46Z,3740,830,2025-02-23T20:02:19Z,Go,99,1
Data-Science-For-Beginners,2021-03-03T16:30:15Z,293,0,2025-02-23T20:14:47Z,Jupyter Notebook,86,14
composer,2011-06-08T08:53:00Z,2896,209,2025-02-23T15:40:26Z,PHP,100,0
canal,2013-01-13T10:59:52Z,463,32,2025-02-23T19:27:22Z,Java,97,3
django-rest-framework,2011-03-02T17:13:56Z,2976,19,2025-02-23T20:30:39Z,Python,0,0
croc,2017-10-17T15:20:18Z,228,172,2025-02-23T18:38:55Z,Go,100,0
css-protips,2015-08-29T12:29:03Z,69,0,2025-02-23T18:02:36Z,N/A,59,1
docsify,2016-11-20T07:55:43Z,691,14,2025-02-23T17:50:44Z,JavaScript,100,0
surrealdb,2021-12-09T15:03:29Z,1813,66,2025-02-23T19:17:31Z,Rust,85,15
todomvc,2011-06-03T19:56:33Z,760,6,2025-02-23T17:45:23Z,JavaScript,100,0
lux,2018-02-24T11:29:03Z,296,86,2025-02-23T19:08:24Z,Go,90,10
lighthouse,2016-03-08T01:03:11Z,5312,116,2025-02-23T18:56:55Z,JavaScript,99,1
consul,2013-11-04T22:15:27Z,13520,199,2025-02-23T19:51:37Z,Go,100,0
mediapipe,2019-06-13T19:16:41Z,201,59,2025-02-23T14:30:01Z,C++,100,0
server,2016-06-02T07:44:14Z,25834,308,2025-02-23T20:52:37Z,PHP,100,0
python-guide,2011-03-15T03:24:20Z,683,0,2025-02-23T18:43:09Z,Batchfile,78,22
postcss,2013-09-24T23:06:48Z,745,265,2025-02-23T11:55:30Z,TypeScript,100,0
CasaOS,2021-09-26T02:33:09Z,267,96,2025-02-23T20:55:47Z,Go,96,4
SpringAll,2018-05-02T02:48:44Z,1,0,2025-02-23T14:23:56Z,Java,27,21
k9s,2019-01-25T18:46:02Z,737,233,2025-02-23T19:45:13Z,Go,99,1
slick,2014-03-24T02:10:05Z,249,48,2025-02-22T16:22:09Z,JavaScript,99,1
Hello-Python,2022-08-03T17:14:53Z,0,0,2025-02-23T20:46:16Z,Python,86,14
linkedin-skill-assessments-quizzes,2019-07-13T19:52:56Z,5638,1,2025-02-23T16:04:57Z,N/A,100,0
react-spring,2018-03-07T15:39:32Z,429,50,2025-02-23T19:07:15Z,TypeScript,99,1
vuex,2015-07-16T04:21:26Z,656,51,2025-02-22T17:56:51Z,JavaScript,100,0
handson-ml2,2019-01-08T03:49:07Z,64,0,2025-02-23T19:55:20Z,Jupyter Notebook,88,12
llama3,2024-03-15T17:57:00Z,24,0,2025-02-23T18:19:57Z,Python,45,55
machine-learning-for-software-engineers,2016-10-09T21:20:25Z,60,0,2025-02-23T09:53:02Z,N/A,9,17
android_guides,2013-06-19T10:24:45Z,10,0,2025-02-22T10:33:27Z,N/A,79,21
plyr,2015-02-14T11:33:07Z,384,88,2025-02-23T20:27:43Z,JavaScript,91,9
Clone-Wars,2020-12-02T11:10:16Z,130,0,2025-02-23T14:31:52Z,N/A,70,11
Free-Certifications,2020-07-31T10:26:19Z,115,0,2025-02-23T20:19:39Z,N/A,67,29
xxl-job,2015-11-28T12:59:34Z,109,36,2025-02-23T12:18:39Z,Java,99,1
puter,2024-03-03T01:44:32Z,476,8,2025-02-23T20:06:20Z,JavaScript,87,13
UTM,2019-04-12T16:09:24Z,249,118,2025-02-23T20:23:15Z,Swift,95,5
spring-cloud-alibaba,2017-12-01T20:49:15Z,1063,47,2025-02-23T02:20:44Z,Java,99,1
react-three-fiber,2019-02-25T14:31:51Z,632,119,2025-02-23T20:03:59Z,TypeScript,100,0
async,2010-06-01T21:01:30Z,554,7,2025-02-21T21:32:32Z,JavaScript,100,0
ladybird,2024-05-30T09:18:10Z,2613,0,2025-02-23T17:46:24Z,C++,55,45
JavaScript30,2016-12-07T19:15:31Z,153,0,2025-02-23T17:50:56Z,HTML,0,0
the-super-tiny-compiler,2016-03-11T04:19:18Z,20,0,2025-02-23T08:21:53Z,JavaScript,0,0
trilium,2017-05-23T00:30:20Z,250,297,2025-02-23T20:42:15Z,JavaScript,93,7
immer,2017-12-29T12:25:47Z,374,109,2025-02-23T19:59:03Z,JavaScript,100,0
backbone,2010-09-30T19:41:28Z,880,0,2025-02-23T12:21:15Z,JavaScript,100,0
tinygrad,2020-10-18T16:23:12Z,6099,11,2025-02-23T18:23:18Z,Python,100,0
druid,2011-11-03T05:12:51Z,1453,51,2025-02-23T16:36:02Z,Java,100,0
cobalt,2022-07-08T18:12:55Z,201,0,2025-02-23T17:59:18Z,Svelte,93,7
DevToys,2021-09-29T01:40:41Z,498,38,2025-02-23T17:05:42Z,C#,90,10
ChatGPT,2022-12-03T14:35:24Z,294,277,2025-02-23T18:03:15Z,Python,100,0
fish-shell,2012-05-10T03:00:55Z,2006,45,2025-02-23T18:53:27Z,Rust,98,2
tuning_playbook,2023-01-18T23:32:32Z,14,0,2025-02-23T20:19:15Z,N/A,34,9
Complete-Python-3-Bootcamp,2018-02-12T19:30:10Z,12,0,2025-02-23T15:12:44Z,Jupyter Notebook,73,27
tokio,2016-09-09T22:31:36Z,3443,126,2025-02-23T18:46:13Z,Rust,100,0
nginxconfig.io,2018-01-05T14:21:14Z,191,0,2025-02-23T09:44:51Z,JavaScript,89,11
filebrowser,2015-09-11T21:21:58Z,526,62,2025-02-23T18:27:58Z,Go,100,0
stb,2014-05-25T16:51:23Z,285,0,2025-02-23T20:54:41Z,C,98,2
reverse-interview,2019-09-08T13:38:40Z,75,0,2025-02-23T13:57:59Z,N/A,18,7
data-science-ipython-notebooks,2015-01-23T19:38:29Z,31,0,2025-02-23T17:56:30Z,Python,22,19
viper,2014-04-02T14:33:33Z,487,32,2025-02-23T16:31:26Z,Go,77,23
os-tutorial,2014-09-29T08:39:34Z,11,0,2025-02-23T20:11:30Z,C,65,35
mantine,2021-01-07T14:02:19Z,1364,252,2025-02-23T20:57:04Z,TypeScript,100,0
cursor,2023-03-12T00:19:42Z,46,0,2025-02-23T20:56:42Z,N/A,99,1
react-select,2014-08-26T04:27:45Z,1051,59,2025-02-22T22:43:04Z,TypeScript,100,0
xstate,2015-09-14T15:04:15Z,1908,400,2025-02-23T11:21:21Z,TypeScript,100,0
xyflow,2019-07-15T14:47:30Z,1249,294,2025-02-23T18:36:52Z,TypeScript,100,0
glances,2011-12-04T08:49:15Z,710,49,2025-02-23T18:15:03Z,Python,100,0
aider,2023-05-09T18:57:49Z,184,81,2025-02-23T20:28:39Z,Python,98,2
medusa,2020-01-18T13:39:04Z,6584,113,2025-02-23T20:46:56Z,TypeScript,100,0
waifu2x,2015-05-17T07:29:15Z,68,3,2025-02-23T13:19:43Z,Lua,76,24
GPT_API_free,2023-04-23T12:42:08Z,1,0,2025-02-23T19:36:00Z,Python,100,0
Charts,2015-03-20T10:49:12Z,418,38,2025-02-22T16:38:33Z,Swift,95,5
mobx,2015-03-14T14:31:38Z,1143,112,2025-02-22T20:31:23Z,TypeScript,100,0
applied-ml,2020-07-04T18:57:47Z,208,0,2025-02-23T14:18:49Z,N/A,22,2
restic,2014-04-27T14:07:58Z,2127,47,2025-02-23T20:06:33Z,Go,98,2
jan,2023-08-17T02:17:10Z,1970,73,2025-02-23T19:04:18Z,TypeScript,100,0
90DaysOfDevOps,2021-12-26T13:55:18Z,357,2,2025-02-23T11:35:53Z,Shell,80,9
ink,2017-06-12T06:12:28Z,213,53,2025-02-23T18:27:14Z,TypeScript,97,3
DeepFaceLive,2020-12-15T12:19:22Z,13,35,2025-02-23T12:22:48Z,Python,99,1
diffusers,2022-05-30T16:04:02Z,4343,81,2025-02-23T20:51:12Z,Python,99,1
vhr,2018-01-04T08:57:51Z,1,0,2025-02-23T14:23:15Z,Java,62,38
gitbook,2014-03-31T03:01:56Z,719,21,2025-02-23T20:04:54Z,TypeScript,100,0
hosts,2012-04-12T20:22:50Z,476,731,2025-02-23T20:32:49Z,Python,99,1
yapi,2016-05-30T09:09:09Z,141,1,2025-02-23T11:45:26Z,JavaScript,97,3
CLIP,2020-12-16T11:24:42Z,28,0,2025-02-23T17:27:09Z,Jupyter Notebook,91,9
helm,2015-10-06T01:07:32Z,3853,204,2025-02-23T19:51:43Z,Go,100,0
textual,2021-04-08T15:24:47Z,2022,166,2025-02-23T15:17:25Z,Python,100,0
Daily-Interview-Question,2019-01-19T10:49:00Z,15,0,2025-02-23T09:00:36Z,JavaScript,36,64
vnpy,2015-03-02T03:36:58Z,1043,62,2025-02-23T18:45:46Z,Python,100,0
ResumeSample,2014-09-08T08:08:13Z,2,0,2025-02-23T13:01:33Z,N/A,0,0
python-fire,2017-02-21T21:35:07Z,118,11,2025-02-23T19:47:21Z,Python,81,19
motion,2018-11-16T09:48:38Z,971,0,2025-02-23T20:19:54Z,TypeScript,100,0
underscore,2009-10-25T18:31:06Z,746,0,2025-02-23T14:54:16Z,JavaScript,100,0
Python-programming-exercises,2012-06-14T07:56:46Z,0,0,2025-02-23T17:38:05Z,N/A,17,68
Xray-core,2020-11-09T11:23:10Z,851,78,2025-02-23T19:15:33Z,Go,100,0
aos,2015-07-09T17:49:00Z,38,0,2025-02-23T20:10:30Z,JavaScript,100,0
weui,2014-12-18T04:09:54Z,203,51,2025-02-23T12:02:57Z,HTML,100,0
Jobs_Applier_AI_Agent_AIHawk,2024-08-04T12:15:06Z,185,0,2025-02-23T20:48:06Z,Python,100,0
Retrieval-based-Voice-Conversion-WebUI,2023-03-27T09:59:10Z,477,7,2025-02-23T20:22:45Z,Python,92,8
mindsdb,2018-08-02T17:56:45Z,4798,283,2025-02-23T11:54:11Z,Python,100,0
TrackersListCollection,2019-10-03T15:55:07Z,5,0,2025-02-23T18:12:40Z,N/A,0,0
ghostty,2022-03-29T17:38:26Z,2004,1,2025-02-23T20:27:14Z,Zig,98,2
it-tools,2020-04-05T11:50:24Z,489,10,2025-02-23T20:46:50Z,Vue,70,30
dragonfly,2021-12-11T10:00:42Z,2741,91,2025-02-23T20:49:51Z,C++,97,3
Probabilistic-Programming-and-Bayesian-Methods-for-Hackers,2013-01-14T15:46:28Z,243,0,2025-02-23T12:14:06Z,Jupyter Notebook,51,49
awesome-sysadmin,2014-12-23T08:41:22Z,317,0,2025-02-23T20:38:26Z,N/A,86,14
AdGuardHome,2016-07-06T10:31:47Z,122,195,2025-02-23T20:56:49Z,Go,97,3
dnSpy,2015-07-01T16:05:10Z,53,1,2025-02-23T19:38:55Z,C#,0,0
mongoose,2010-04-06T21:39:05Z,3252,176,2025-02-23T20:16:49Z,JavaScript,100,0
firecracker,2017-10-19T06:18:47Z,2918,75,2025-02-23T20:26:02Z,Rust,100,0
JCSprout,2017-12-17T09:06:50Z,69,0,2025-02-22T12:03:32Z,Java,59,30
Tvlist-awesome-m3u-m3u8,2017-02-18T03:59:25Z,1,0,2025-02-23T17:05:02Z,N/A,47,23
commander.js,2011-08-14T21:33:58Z,784,82,2025-02-23T07:17:25Z,JavaScript,100,0
crewAI,2023-10-27T03:26:59Z,572,76,2025-02-23T20:53:02Z,Python,100,0
turborepo,2021-10-05T17:37:11Z,5758,464,2025-02-23T12:11:31Z,Rust,100,0
Web,2017-01-03T11:44:33Z,0,0,2025-02-23T18:42:32Z,N/A,85,15
python-telegram-bot,2015-07-07T15:30:39Z,1527,121,2025-02-23T19:25:58Z,Python,100,0
tdesktop,2014-05-02T12:36:31Z,1629,770,2025-02-23T18:16:51Z,C++,99,1
firecrawl,2024-04-15T21:02:29Z,449,12,2025-02-23T20:31:45Z,TypeScript,100,0
swagger-ui,2011-07-15T22:56:39Z,3206,351,2025-02-23T20:19:58Z,JavaScript,100,0
legacy-homebrew,2009-05-20T19:38:37Z,222,0,2025-02-23T12:24:28Z,N/A,100,0
codemirror5,2011-01-14T13:44:03Z,594,173,2025-02-23T11:35:51Z,JavaScript,100,0
redash,2013-10-28T13:19:39Z,3222,99,2025-02-23T18:02:58Z,Python,85,15
coder2gwy,2020-12-30T14:40:50Z,2,0,2025-02-23T16:05:24Z,N/A,19,81
wails,2018-12-15T23:14:06Z,1377,227,2025-02-23T20:28:49Z,Go,100,0
ace,2010-10-27T10:43:36Z,1855,97,2025-02-23T20:48:56Z,JavaScript,99,1
Avalonia,2013-12-05T20:13:21Z,5099,98,2025-02-23T20:42:36Z,C#,100,0
rethinkdb,2012-10-30T05:37:47Z,460,72,2025-02-23T14:40:11Z,C++,99,1
headlessui,2020-09-16T09:53:09Z,590,120,2025-02-23T18:53:12Z,TypeScript,100,0
kit,2015-02-03T00:01:19Z,479,13,2025-02-23T13:24:15Z,Go,99,1
angular-cli,2015-06-04T19:49:37Z,11065,795,2025-02-23T19:35:29Z,TypeScript,100,0
rust-course,2018-08-07T05:01:21Z,749,0,2025-02-23T17:07:25Z,Rust,88,12
mongo,2009-01-15T16:15:18Z,125,0,2025-02-23T19:23:48Z,C++,0,0
anoma,2021-02-02T10:00:16Z,720,7,2025-02-23T20:34:33Z,Elixir,100,0
k6,2016-03-21T15:30:24Z,1921,68,2025-02-23T18:49:18Z,Go,100,0
vue-vben-admin,2020-07-11T02:29:21Z,1426,54,2025-02-23T15:48:49Z,Vue,100,0
Faker,2011-10-14T22:49:02Z,823,12,2025-02-23T09:29:13Z,PHP,99,1
taichi,2016-11-24T10:00:05Z,5154,117,2025-02-23T11:31:19Z,C++,100,0
gitflow,2010-01-20T23:14:12Z,36,0,2025-02-23T05:23:08Z,Shell,69,31
openssl,2013-01-15T22:34:48Z,144,274,2025-02-23T16:20:17Z,C,100,0
hangzhou_house_knowledge,2018-02-24T01:54:18Z,6,0,2025-02-23T11:55:23Z,CSS,47,53
data-engineer-handbook,2023-11-19T19:47:41Z,141,0,2025-02-23T20:19:14Z,Jupyter Notebook,35,9
duckdb,2018-06-26T15:04:45Z,7120,46,2025-02-23T18:21:50Z,C++,99,1
fastai,2017-09-09T17:43:36Z,1683,55,2025-02-23T19:24:15Z,Jupyter Notebook,100,0
xgboost,2014-02-06T17:28:03Z,4686,62,2025-02-23T18:38:05Z,C++,100,0
react-virtualized,2015-11-03T00:48:07Z,454,6,2025-02-23T13:23:58Z,JavaScript,100,0
so-vits-svc,2023-03-10T09:31:09Z,153,0,2025-02-23T14:00:56Z,Python,88,12
Rectangle,2019-06-21T21:34:53Z,252,89,2025-02-23T16:29:48Z,Swift,99,1
vagrant,2010-01-21T08:34:27Z,2712,134,2025-02-23T20:32:23Z,Ruby,100,0
30-Days-Of-React,2020-09-29T13:38:54Z,10,0,2025-02-23T07:44:07Z,JavaScript,18,59
drizzle-orm,2021-06-24T09:03:05Z,565,128,2025-02-23T20:07:05Z,TypeScript,86,14
nodemon,2010-10-03T12:50:52Z,308,102,2025-02-22T20:30:35Z,JavaScript,100,0
cascadia-code,2019-07-10T22:50:20Z,84,20,2025-02-23T20:02:32Z,Python,94,6
vscodium,2018-08-13T14:26:58Z,486,212,2025-02-23T19:58:34Z,Shell,100,0
srs,2015-04-29T06:59:32Z,465,66,2025-02-23T18:37:18Z,C++,100,0
create-t3-app,2022-05-24T13:31:01Z,1087,135,2025-02-23T16:11:22Z,TypeScript,100,0
spleeter,2019-09-26T15:40:46Z,51,2,2025-02-23T19:55:51Z,Python,98,2
kitty,2016-10-16T14:48:28Z,1079,121,2025-02-23T16:56:23Z,Python,100,0
GoodbyeDPI,2017-05-16T18:48:52Z,24,30,2025-02-23T19:07:29Z,C,83,17
the_silver_searcher,2011-11-19T19:50:47Z,399,0,2025-02-23T15:13:26Z,C,84,16
khoj,2021-08-16T01:48:44Z,446,127,2025-02-23T20:14:29Z,Python,97,3
MinerU,2024-02-29T08:52:34Z,597,91,2025-02-23T19:41:45Z,Python,99,1
Detectron,2017-10-05T17:32:00Z,0,0,2025-02-23T20:26:45Z,Python,84,16
quasar,2015-10-05T15:45:36Z,3633,989,2025-02-23T09:25:06Z,JavaScript,100,0
miaosha,2018-09-14T04:36:24Z,20,0,2025-02-22T08:10:10Z,Java,80,2
nprogress,2013-08-20T13:58:02Z,34,7,2025-02-22T12:27:06Z,JavaScript,37,63
ChatDev,2023-08-28T02:18:13Z,110,9,2025-02-23T15:30:04Z,Python,99,1
emscripten,2011-02-12T05:23:30Z,11565,0,2025-02-23T17:16:54Z,C++,99,1
cmder,2013-07-09T07:44:22Z,430,34,2025-02-23T15:59:33Z,C++,100,0
Signal-Android,2011-12-15T20:01:12Z,238,81,2025-02-23T20:39:40Z,Kotlin,100,0
awesome-electron,2015-04-23T11:48:53Z,268,0,2025-02-23T19:55:54Z,N/A,42,2
jumpserver,2014-07-04T03:54:59Z,7013,240,2025-02-23T15:47:15Z,Python,100,0
nginx,2015-06-23T10:26:27Z,56,4,2025-02-23T13:02:27Z,C,65,35
fastText,2016-07-16T13:38:42Z,12,4,2025-02-23T11:57:13Z,HTML,98,2
ExplorerPatcher,2021-08-09T14:17:24Z,15,287,2025-02-23T15:04:20Z,C,100,0
lottie-ios,2016-10-06T22:38:38Z,719,69,2025-02-23T20:22:55Z,Swift,100,0
next-auth,2018-01-27T12:28:16Z,2177,1000,2025-02-23T20:38:34Z,TypeScript,100,0
darknet,2014-04-11T07:59:16Z,10,0,2025-02-23T04:39:07Z,C,27,73
awesome-vscode,2016-02-07T23:02:45Z,243,0,2025-02-23T20:51:02Z,JavaScript,26,24
hacker-laws,2018-01-25T03:46:34Z,180,1,2025-02-23T20:48:52Z,Shell,40,60
ItChat,2016-01-19T07:49:48Z,29,13,2025-02-23T14:44:04Z,Python,99,1
select2,2012-03-04T18:43:12Z,713,29,2025-02-23T16:33:20Z,JavaScript,100,0
go-patterns,2015-12-14T22:05:06Z,10,0,2025-02-23T20:32:23Z,Go,13,17
DeepSpeech,2016-06-02T15:04:53Z,1338,105,2025-02-23T18:41:53Z,C++,100,0
fonts,2012-12-19T13:31:50Z,75,1,2025-02-23T11:56:36Z,Shell,36,64
table,2016-10-20T17:25:08Z,960,267,2025-02-23T17:26:36Z,TypeScript,100,0
everyone-can-use-english,2019-03-15T16:33:53Z,455,46,2025-02-23T17:29:42Z,TypeScript,91,9
refined-github,2016-02-15T16:45:02Z,3315,166,2025-02-23T19:56:38Z,TypeScript,100,0
setup-ipsec-vpn,2016-01-07T16:44:12Z,44,0,2025-02-23T13:46:30Z,Shell,100,0
Telegram,2013-10-25T14:08:10Z,20,95,2025-02-23T17:39:14Z,Java,0,0
fyne,2018-02-04T22:07:16Z,1873,49,2025-02-23T08:20:57Z,Go,94,6
awesome-datascience,2014-07-05T07:07:43Z,364,11,2025-02-23T13:07:05Z,N/A,59,1
fastjson,2011-11-03T06:58:52Z,418,84,2025-02-21T10:36:54Z,Java,100,0
iced,2019-07-15T22:34:46Z,980,17,2025-02-23T17:25:46Z,Rust,88,12
fetch,2014-10-13T00:26:19Z,197,56,2025-02-23T14:23:48Z,JavaScript,100,0
llm.c,2024-04-08T16:58:11Z,310,0,2025-02-23T18:12:24Z,Cuda,48,52
awesome-actions,2018-10-17T17:53:45Z,445,0,2025-02-23T20:20:32Z,N/A,27,14
Modernizr,2009-09-25T20:13:23Z,811,27,2025-02-21T23:11:56Z,JavaScript,99,1
fe-interview,2019-04-17T03:05:58Z,8,2,2025-02-23T11:35:41Z,JavaScript,0,100
