Nome,Data de Criação,Pull Requests Aceitas,Total de Releases,Última Atualização,Linguagem Primária,Issues Fechadas,Issues Abertas,Idade (anos),Dias desde última atualização,Taxa de Fechamento de Issues
freeCodeCamp,2014-12-24 17:49:19,24431,0,2025-03-02 21:37:16,TypeScript,100,0,10.194520547945206,-1,1.0
free-programming-books,2013-10-11 06:50:37,6787,0,2025-03-02 21:50:45,HTML,100,0,11.397260273972602,-1,1.0
awesome,2014-07-11 13:42:37,662,0,2025-03-02 21:41:05,,96,4,10.64931506849315,-1,0.96
build-your-own-x,2018-05-09 12:03:18,140,0,2025-03-02 21:55:06,Markdown,100,0,6.8191780821917805,-1,1.0
public-apis,2016-03-20 23:49:42,1872,0,2025-03-02 21:54:19,Python,100,0,8.953424657534246,-1,1.0
coding-interview-university,2016-06-06 02:34:12,415,0,2025-03-02 21:52:45,,83,17,8.742465753424657,-1,0.83
developer-roadmap,2017-03-15 13:45:52,3344,1,2025-03-02 20:31:07,TypeScript,100,0,7.96986301369863,-1,1.0
system-design-primer,2017-02-26 16:15:28,199,0,2025-03-02 21:52:05,Python,38,62,8.016438356164384,-1,0.38
996.ICU,2019-03-26 07:31:14,1068,0,2025-03-02 18:21:29,,0,0,5.93972602739726,0,
awesome-python,2014-06-27 21:00:06,543,0,2025-03-02 21:36:33,Python,0,0,10.684931506849315,-1,
react,2013-05-24 16:15:54,11386,103,2025-03-02 21:52:36,JavaScript,100,0,11.780821917808218,-1,1.0
project-based-learning,2017-04-12 05:07:46,182,0,2025-03-02 21:49:59,,61,39,7.8931506849315065,-1,0.61
awesome-selfhosted,2015-06-01 02:33:17,2393,1,2025-03-02 21:51:19,,100,0,9.758904109589041,-1,1.0
vue,2013-07-29 03:24:51,1136,249,2025-03-02 15:10:40,TypeScript,100,0,11.6,0,1.0
Python,2016-07-16 09:44:01,2916,0,2025-03-02 21:25:27,Python,100,0,8.632876712328768,-1,1.0
javascript-algorithms,2018-03-24 07:47:04,302,0,2025-03-02 21:52:56,JavaScript,70,30,6.945205479452055,-1,0.7
linux,2011-09-04 22:48:12,10,0,2025-03-02 21:28:58,C,0,0,13.498630136986302,-1,
tensorflow,2015-11-07 01:19:20,29558,214,2025-03-02 21:45:15,C++,100,0,9.323287671232876,-1,1.0
You-Dont-Know-JS,2013-11-16 02:37:24,367,0,2025-03-02 21:04:58,,99,1,11.2986301369863,-1,0.99
CS-Notes,2018-02-13 14:56:24,374,0,2025-03-02 18:47:53,,100,0,7.052054794520548,0,1.0
ohmyzsh,2009-08-28 18:15:37,3289,0,2025-03-02 21:42:36,Shell,100,0,15.520547945205479,-1,1.0
computer-science,2014-05-04 00:18:39,284,0,2025-03-02 21:34:28,,100,0,10.835616438356164,-1,1.0
AutoGPT,2023-03-16 09:21:07,2609,42,2025-03-02 21:38:55,Python,100,0,1.9643835616438357,-1,1.0
bootstrap,2011-07-29 21:19:00,8845,89,2025-03-02 21:05:42,JavaScript,100,0,13.6,-1,1.0
flutter,2015-03-06 22:54:58,41079,7,2025-03-02 18:18:25,Dart,99,1,9.994520547945205,0,0.99
vscode,2015-09-03 20:23:38,31601,156,2025-03-02 19:41:59,TypeScript,100,0,9.498630136986302,-1,1.0
gitignore,2010-11-08 20:17:14,1575,0,2025-03-02 21:25:37,,0,0,14.32054794520548,-1,
Python-100-Days,2018-03-01 16:05:52,13,0,2025-03-02 19:39:02,Jupyter Notebook,42,58,7.008219178082192,-1,0.42
the-book-of-secret-knowledge,2018-06-23 10:43:14,122,0,2025-03-02 21:50:18,,0,0,6.695890410958904,-1,
the-art-of-command-line,2015-05-20 15:11:03,317,0,2025-03-02 20:15:22,,66,34,9.791780821917808,-1,0.66
stable-diffusion-webui,2022-08-22 14:05:26,1872,27,2025-03-02 21:36:55,Python,100,0,2.5287671232876714,-1,1.0
JavaGuide,2018-05-07 13:27:00,1147,0,2025-03-02 20:51:46,Java,99,1,6.824657534246575,-1,0.99
javascript,2012-11-01 23:13:50,811,0,2025-03-02 21:23:19,JavaScript,97,3,12.336986301369864,-1,0.97
transformers,2018-10-29 13:56:00,14667,180,2025-03-02 21:21:50,Python,100,0,6.345205479452055,-1,1.0
awesome-go,2014-07-06 13:42:15,3399,0,2025-03-02 21:24:39,Go,100,0,10.663013698630136,-1,1.0
youtube-dl,2010-10-31 14:35:07,1640,341,2025-03-02 21:13:02,Python,99,1,14.345205479452055,-1,0.99
ollama,2023-06-26 19:39:32,2052,116,2025-03-02 21:48:38,Go,96,4,1.6821917808219178,-1,0.96
next.js,2016-10-05 23:32:51,21091,1000,2025-03-02 21:49:06,JavaScript,100,0,8.408219178082192,-1,1.0
fucking-algorithm,2020-02-19 09:01:23,238,1,2025-03-02 20:57:51,Markdown,100,0,5.035616438356165,-1,1.0
go,2014-08-19 04:33:40,1,0,2025-03-02 21:48:31,Go,100,0,10.542465753424658,-1,1.0
Microsoft-Activation-Scripts,2020-01-12 23:03:34,6,19,2025-03-02 21:53:32,Batchfile,100,0,5.136986301369863,-1,1.0
30-seconds-of-code,2017-11-29 17:35:03,821,11,2025-03-02 21:33:41,JavaScript,100,0,7.260273972602739,-1,1.0
tech-interview-handbook,2016-07-05 05:00:48,466,0,2025-03-02 20:20:41,TypeScript,68,32,8.663013698630136,-1,0.68
awesome-chatgpt-prompts,2022-12-05 13:54:13,158,0,2025-03-02 21:45:20,HTML,0,0,2.241095890410959,-1,
react-native,2015-01-09 18:10:16,886,375,2025-03-02 19:23:38,C++,100,0,10.150684931506849,-1,1.0
scrcpy,2017-11-21 18:00:27,109,44,2025-03-02 21:33:52,C,88,12,7.282191780821917,-1,0.88
electron,2013-04-12 01:47:36,21637,1000,2025-03-02 21:05:43,C++,100,0,11.895890410958904,-1,1.0
PowerToys,2019-05-01 17:44:02,5103,109,2025-03-02 21:28:07,C#,64,36,5.841095890410959,-1,0.64
kubernetes,2014-06-06 22:56:04,60807,722,2025-03-02 21:37:21,Go,100,0,10.742465753424657,-1,1.0
free-programming-books-zh_CN,2013-11-04 01:59:19,282,3,2025-03-02 19:35:51,,0,0,11.331506849315069,-1,
d3,2010-09-27 17:22:42,491,194,2025-03-02 19:07:36,Shell,100,0,14.438356164383562,-1,1.0
node,2014-11-26 19:57:11,9810,430,2025-03-02 20:12:09,JavaScript,100,0,10.26849315068493,-1,1.0
hello-algo,2022-11-04 11:08:34,906,9,2025-03-02 19:31:28,Java,97,3,2.326027397260274,-1,0.97
axios,2014-08-18 22:30:27,940,89,2025-03-02 18:51:38,JavaScript,100,0,10.542465753424658,0,1.0
three.js,2010-03-23 18:58:01,13742,166,2025-03-02 21:48:30,JavaScript,100,0,14.953424657534246,-1,1.0
create-react-app,2016-07-17 14:55:11,1949,83,2025-03-02 20:37:03,JavaScript,100,0,8.63013698630137,-1,1.0
yt-dlp,2020-10-26 04:22:55,2540,104,2025-03-02 21:36:42,Python,97,3,4.35068493150685,-1,0.97
TypeScript,2014-06-17 15:28:39,14558,208,2025-03-02 21:33:15,TypeScript,99,1,10.715068493150685,-1,0.99
langchain,2022-10-17 02:58:36,13264,811,2025-03-02 21:16:03,Jupyter Notebook,100,0,2.3753424657534246,-1,1.0
deno,2018-05-15 01:34:26,12412,313,2025-03-02 20:59:52,Rust,100,0,6.802739726027397,-1,1.0
nodebestpractices,2017-09-15 08:33:19,765,0,2025-03-02 19:38:56,Dockerfile,99,1,7.465753424657534,-1,0.99
rust,2010-06-16 20:39:03,61532,135,2025-03-02 21:32:42,Rust,100,0,14.717808219178082,-1,1.0
HelloGitHub,2016-05-04 06:24:11,17,52,2025-03-02 19:16:02,Python,100,0,8.832876712328767,-1,1.0
terminal,2017-08-11 18:38:22,4040,128,2025-03-02 21:04:26,C++,97,3,7.561643835616438,-1,0.97
angular,2014-09-18 16:12:01,3703,410,2025-03-02 20:25:32,TypeScript,100,0,10.46027397260274,-1,1.0
material-ui,2014-08-18 19:11:54,19929,525,2025-03-02 20:19:37,TypeScript,100,0,10.542465753424658,-1,1.0
godot,2014-01-04 16:05:36,36306,58,2025-03-02 21:08:43,C++,100,0,11.164383561643836,-1,1.0
ant-design,2015-04-24 15:37:24,15024,691,2025-03-02 19:31:02,TypeScript,100,0,9.863013698630137,-1,1.0
excalidraw,2020-01-02 01:04:43,3565,13,2025-03-02 20:43:07,TypeScript,99,1,5.167123287671233,-1,0.99
clean-code-javascript,2016-11-25 22:25:41,149,0,2025-03-02 14:20:56,JavaScript,70,30,8.26849315068493,0,0.7
free-for-dev,2015-03-18 21:06:26,2650,0,2025-03-02 19:48:08,HTML,0,0,9.961643835616439,-1,
papers-we-love,2013-12-15 14:31:41,434,0,2025-03-02 21:47:58,Shell,100,0,11.219178082191782,-1,1.0
frp,2015-12-21 15:24:59,654,101,2025-03-02 21:27:30,Go,100,0,9.202739726027398,-1,1.0
java-design-patterns,2014-08-09 16:45:18,1459,0,2025-03-02 19:35:36,Java,90,10,10.56986301369863,-1,0.9
iptv,2018-11-14 22:00:57,6502,0,2025-03-02 19:50:45,JavaScript,100,0,6.298630136986302,-1,1.0
DeepSeek-V3,2024-12-26 09:52:40,17,0,2025-03-02 21:54:23,Python,70,30,0.18082191780821918,-1,0.7
thefuck,2015-04-08 15:08:04,481,17,2025-03-02 15:56:37,Python,92,8,9.906849315068493,0,0.92
tauri,2019-07-13 09:09:37,4831,1000,2025-03-02 21:31:03,Rust,96,4,5.641095890410959,-1,0.96
puppeteer,2017-05-09 22:16:13,5150,496,2025-03-02 18:14:38,TypeScript,100,0,7.816438356164384,0,1.0
Awesome-Hacking,2016-03-30 15:47:10,34,0,2025-03-02 21:51:12,,0,0,8.92876712328767,-1,
vue-element-admin,2017-04-17 03:35:49,311,49,2025-03-02 14:58:09,Vue,98,2,7.879452054794521,0,0.98
pytorch,2016-08-13 05:26:41,6001,58,2025-03-02 21:22:11,Python,99,1,8.556164383561644,-1,0.99
neovim,2014-01-31 13:39:22,14697,41,2025-03-02 21:44:24,Vim Script,100,0,11.09041095890411,-1,1.0
every-programmer-should-know,2017-08-24 13:18:26,99,0,2025-03-02 20:41:16,,22,29,7.526027397260274,-1,0.43137254901960786
tailwindcss,2017-10-06 14:59:14,2764,269,2025-03-02 20:36:48,TypeScript,100,0,7.4082191780821915,-1,1.0
storybook,2016-03-18 04:23:44,10798,1000,2025-03-02 19:50:32,TypeScript,100,0,8.961643835616439,-1,1.0
Web-Dev-For-Beginners,2020-11-10 02:44:00,498,0,2025-03-02 21:51:17,JavaScript,100,0,4.30958904109589,-1,1.0
DeepSeek-R1,2025-01-20 11:57:28,7,0,2025-03-02 21:31:52,,34,66,0.11232876712328767,-1,0.34
rustdesk,2020-09-28 15:36:08,3342,28,2025-03-02 21:54:40,Rust,97,3,4.427397260273972,-1,0.97
nvm,2010-04-15 17:47:47,725,68,2025-03-02 21:53:43,Shell,100,0,14.89041095890411,-1,1.0
django,2012-04-28 02:47:18,9543,0,2025-03-02 20:52:12,Python,0,0,12.852054794520548,-1,
app-ideas,2019-02-25 18:36:56,149,0,2025-03-02 21:02:49,,36,64,6.019178082191781,-1,0.36
bitcoin,2010-12-19 15:16:43,14933,54,2025-03-02 21:49:44,C++,100,0,14.210958904109589,-1,1.0
ui,2023-01-04 12:43:27,499,37,2025-03-02 21:48:04,TypeScript,99,1,2.158904109589041,-1,0.99
svelte,2016-11-20 18:13:05,5494,396,2025-03-02 20:07:19,JavaScript,100,0,8.284931506849315,-1,1.0
fastapi,2018-12-08 08:21:47,2578,203,2025-03-02 21:28:29,Python,99,1,6.235616438356164,-1,0.99
NextChat,2023-03-10 18:27:54,875,76,2025-03-02 21:53:50,TypeScript,100,0,1.9808219178082191,-1,1.0
animate.css,2011-10-12 10:07:38,315,22,2025-03-02 21:13:04,CSS,100,0,13.397260273972602,-1,1.0
realworld,2016-02-26 20:49:53,433,0,2025-03-02 20:02:08,TypeScript,95,5,9.016438356164384,-1,0.95
opencv,2012-07-19 09:40:17,12736,65,2025-03-02 21:05:32,C++,59,41,12.627397260273973,-1,0.59
gin,2014-06-16 23:57:25,1046,26,2025-03-02 21:13:14,Go,99,1,10.715068493150685,-1,0.99
awesome-mac,2016-07-17 15:33:47,949,10,2025-03-02 21:33:20,JavaScript,92,8,8.63013698630137,-1,0.92
open-webui,2023-10-06 22:08:27,1764,94,2025-03-02 21:46:38,JavaScript,0,0,1.4027397260273973,-1,
laravel,2011-06-08 03:06:08,1610,184,2025-03-02 20:49:30,Blade,0,0,13.742465753424657,-1,
mall,2018-04-04 01:11:44,1,3,2025-03-02 20:51:48,Java,99,1,6.9150684931506845,-1,0.99
hugo,2013-07-04 15:26:26,2797,316,2025-03-02 21:47:32,Go,100,0,11.668493150684931,-1,1.0
FiraCode,2014-11-11 19:32:38,136,29,2025-03-02 19:23:57,Clojure,81,19,10.30958904109589,-1,0.81
supabase,2019-10-12 05:56:49,11235,19,2025-03-02 21:10:24,TypeScript,100,0,5.391780821917808,-1,1.0
models,2016-02-05 01:15:20,2337,48,2025-03-02 15:17:21,Python,100,0,9.076712328767123,0,1.0
whisper,2022-09-16 20:02:54,110,12,2025-03-02 21:38:38,Python,0,0,2.4575342465753423,-1,
advanced-java,2018-10-06 11:38:30,86,1,2025-03-02 20:51:50,Java,99,1,6.4082191780821915,-1,0.99
core,2013-09-17 07:29:48,70140,1000,2025-03-02 21:19:49,Python,100,0,11.463013698630137,-1,1.0
bun,2021-04-14 00:48:17,4789,180,2025-03-02 20:38:46,Zig,95,5,3.884931506849315,-1,0.95
spring-boot,2012-10-19 15:02:57,42,300,2025-03-02 19:53:17,Java,100,0,12.375342465753425,-1,1.0
mermaid,2014-11-01 23:52:32,2272,142,2025-03-02 20:38:16,TypeScript,100,0,10.336986301369864,-1,1.0
dify,2023-04-12 07:40:24,5063,120,2025-03-02 21:54:03,TypeScript,100,0,1.8904109589041096,-1,1.0
v2rayN,2019-07-30 03:47:24,198,236,2025-03-02 21:16:20,C#,100,0,5.594520547945206,-1,1.0
LeetCodeAnimation,2018-12-06 08:01:22,63,0,2025-03-02 20:21:38,Java,42,19,6.241095890410959,-1,0.6885245901639344
llama.cpp,2023-03-10 18:58:00,4146,1000,2025-03-02 21:12:24,C++,100,0,1.9808219178082191,-1,1.0
manim,2015-03-22 18:50:58,625,13,2025-03-02 21:42:37,Python,92,8,9.953424657534246,-1,0.92
Font-Awesome,2012-02-17 14:19:43,209,59,2025-03-02 21:05:42,JavaScript,100,0,13.046575342465754,-1,1.0
json-server,2013-11-27 13:21:13,121,38,2025-03-02 21:46:06,JavaScript,89,11,11.26849315068493,-1,0.89
netdata,2013-06-17 18:39:10,10027,108,2025-03-02 17:34:43,C,100,0,11.715068493150685,0,1.0
awesome-interview-questions,2015-11-28 09:48:17,176,0,2025-03-02 18:09:46,,34,27,9.265753424657534,0,0.5573770491803278
gpt4all,2023-03-27 18:49:32,937,38,2025-03-02 21:15:13,C++,99,1,1.9342465753424658,-1,0.99
awesome-vue,2015-10-20 00:16:14,3544,0,2025-03-02 19:31:32,,89,11,9.372602739726027,-1,0.89
awesome-for-beginners,2015-10-24 19:53:36,432,0,2025-03-02 19:06:45,,100,0,9.35890410958904,-1,1.0
elasticsearch,2010-02-08 13:20:56,73991,172,2025-03-02 21:53:35,Java,100,0,15.07123287671233,-1,1.0
github-readme-stats,2020-07-09 10:34:22,1227,0,2025-03-02 21:01:31,JavaScript,99,1,4.64931506849315,-1,0.99
generative-ai-for-beginners,2023-06-19 16:28:59,318,0,2025-03-02 21:08:35,Jupyter Notebook,100,0,1.704109589041096,-1,1.0
funNLP,2018-08-21 11:20:39,14,0,2025-03-02 19:16:19,Python,47,30,6.534246575342466,-1,0.6103896103896104
ML-For-Beginners,2021-03-03 01:34:05,371,0,2025-03-02 21:13:56,HTML,100,0,4.0,-1,1.0
vite,2020-04-21 05:03:57,5125,529,2025-03-02 21:40:12,TypeScript,100,0,4.865753424657535,-1,1.0
code-server,2019-02-27 16:50:41,1517,174,2025-03-02 21:32:53,TypeScript,99,1,6.013698630136986,-1,0.99
stable-diffusion,2022-08-10 14:36:44,5,0,2025-03-02 21:41:25,Jupyter Notebook,28,72,2.5616438356164384,-1,0.28
playwright,2019-11-15 18:32:42,14105,141,2025-03-02 20:55:17,TypeScript,100,0,5.298630136986302,-1,1.0
nest,2017-02-04 20:12:52,6843,113,2025-03-02 21:05:43,TypeScript,100,0,8.073972602739726,-1,1.0
devops-exercises,2019-10-03 17:31:21,282,0,2025-03-02 21:44:05,Python,61,31,5.416438356164384,-1,0.6630434782608695
Front-End-Checklist,2017-10-16 10:12:36,179,1,2025-03-02 18:05:39,,100,0,7.380821917808219,0,1.0
HowToCook,2020-02-29 10:43:49,519,3,2025-03-02 19:54:01,Dockerfile,57,43,5.008219178082192,-1,0.57
moby,2013-01-18 18:10:57,20752,213,2025-03-02 18:55:21,Go,100,0,12.126027397260273,0,1.0
ComfyUI,2023-01-17 03:15:56,665,40,2025-03-02 20:54:26,Python,77,23,2.1232876712328768,-1,0.77
system-design-101,2023-09-18 20:52:03,21,0,2025-03-02 20:44:37,,15,35,1.452054794520548,-1,0.3
flask,2010-04-06 11:11:59,1590,35,2025-03-02 21:31:07,Python,100,0,14.915068493150685,-1,1.0
screenshot-to-code,2023-11-14 17:53:32,45,0,2025-03-02 21:47:43,Python,93,7,1.2986301369863014,-1,0.93
node,2023-02-01 13:55:02,142,44,2025-03-02 15:13:36,Shell,99,1,2.0821917808219177,0,0.99
hoppscotch,2019-08-21 13:15:24,1669,64,2025-03-02 20:18:58,TypeScript,100,0,5.534246575342466,-1,1.0
reveal.js,2011-06-07 18:54:22,405,47,2025-03-02 18:36:12,JavaScript,100,0,13.745205479452055,0,1.0
fzf,2013-10-23 16:04:23,565,60,2025-03-02 21:53:36,Go,100,0,11.364383561643836,-1,1.0
cs-video-courses,2016-10-21 17:02:11,169,0,2025-03-02 21:52:34,,100,0,8.367123287671232,-1,1.0
swift,2015-10-23 21:15:07,52462,57,2025-03-02 16:51:37,C++,69,31,9.361643835616439,0,0.69
redis,2009-03-21 22:32:25,3958,78,2025-03-02 15:59:40,C,94,6,15.956164383561644,0,0.94
syncthing,2013-11-26 09:48:21,2610,396,2025-03-02 21:13:10,Go,99,1,11.271232876712329,-1,0.99
gpt_academic,2023-03-20 09:05:13,222,32,2025-03-02 18:38:03,Python,100,0,1.9534246575342467,0,1.0
awesome-machine-learning,2014-07-15 19:11:19,849,0,2025-03-02 20:42:57,Python,91,0,10.635616438356164,-1,1.0
awesome-react,2014-08-06 05:31:44,779,0,2025-03-02 20:05:08,,99,1,10.578082191780823,-1,0.99
grafana,2013-12-11 15:59:56,51278,495,2025-03-02 21:10:20,TypeScript,100,0,11.23013698630137,-1,1.0
protobuf,2014-08-26 15:52:15,6847,181,2025-03-02 21:18:03,C++,100,0,10.523287671232877,-1,1.0
express,2009-06-26 18:56:01,411,159,2025-03-02 18:12:34,JavaScript,100,0,15.693150684931506,0,1.0
d2l-zh,2017-08-23 04:40:24,1019,16,2025-03-02 17:50:30,Python,0,0,7.528767123287671,0,
Best-websites-a-programmer-should-visit,2017-03-05 20:25:17,428,0,2025-03-02 18:51:47,,68,32,7.994520547945205,0,0.68
cpython,2017-02-10 19:23:51,48625,0,2025-03-02 21:35:11,Python,100,0,8.057534246575342,-1,1.0
Chart.js,2013-03-17 23:56:36,2985,114,2025-03-02 21:13:49,JavaScript,100,0,11.964383561643835,-1,1.0
uptime-kuma,2021-07-03 01:02:42,1221,109,2025-03-02 21:55:13,JavaScript,93,7,3.665753424657534,-1,0.93
strapi,2015-09-30 15:34:48,8769,444,2025-03-02 21:14:32,TypeScript,100,0,9.427397260273972,-1,1.0
Ventoy,2020-03-10 15:19:19,280,103,2025-03-02 21:15:17,C,89,11,4.980821917808219,-1,0.89
webpack,2012-03-10 10:08:14,4852,421,2025-03-02 16:33:09,JavaScript,100,0,12.986301369863014,0,1.0
tesseract,2014-08-12 18:04:59,1402,33,2025-03-02 20:54:11,C++,100,0,10.561643835616438,-1,1.0
33-js-concepts,2018-09-04 13:27:04,250,0,2025-03-02 20:26:40,JavaScript,81,19,6.495890410958904,-1,0.81
superset,2015-07-21 18:55:34,13918,219,2025-03-02 19:39:03,TypeScript,100,0,9.621917808219179,-1,1.0
ansible,2012-03-06 14:58:02,38729,133,2025-03-02 21:56:31,Python,100,0,12.997260273972604,-1,1.0
interviews,2017-02-14 18:19:25,42,0,2025-03-02 17:06:01,Java,23,30,8.04931506849315,0,0.4339622641509434
n8n,2019-06-22 09:24:21,8785,296,2025-03-02 21:53:19,TypeScript,100,0,5.698630136986301,-1,1.0
gpt4free,2023-03-29 17:00:43,732,253,2025-03-02 21:41:32,Python,100,0,1.9287671232876713,-1,1.0
PayloadsAllTheThings,2016-10-18 07:29:07,539,4,2025-03-02 21:07:05,Python,0,0,8.375342465753425,-1,
imgui,2014-07-21 14:29:47,386,108,2025-03-02 19:49:46,C++,95,5,10.621917808219179,-1,0.95
javascript-questions,2019-06-12 08:26:27,328,0,2025-03-02 21:42:20,,100,0,5.726027397260274,-1,1.0
the-algorithm,2023-03-27 14:57:57,2,0,2025-03-02 18:47:02,Scala,92,8,1.9342465753424658,0,0.92
sherlock,2018-12-24 14:30:48,639,1,2025-03-02 20:38:13,Python,92,8,6.191780821917808,-1,0.92
keras,2015-03-28 00:35:42,3944,73,2025-03-02 20:22:28,Python,100,0,9.936986301369863,-1,1.0
obs-studio,2013-10-01 02:40:31,4996,214,2025-03-02 20:29:39,C,100,0,11.424657534246576,-1,1.0
sway,2021-01-19 20:54:33,3291,162,2025-03-02 17:05:59,Rust,94,6,4.115068493150685,0,0.94
resume.github.com,2011-02-06 13:39:55,84,0,2025-03-02 20:58:11,JavaScript,58,42,14.076712328767123,-1,0.58
awesome-public-datasets,2014-11-20 06:20:50,188,1,2025-03-02 21:27:34,,47,53,10.287671232876713,-1,0.47
tabby,2016-12-23 09:06:10,1476,195,2025-03-02 19:33:10,TypeScript,99,1,8.194520547945206,-1,0.99
awesome-cpp,2014-07-17 08:51:11,774,0,2025-03-02 20:11:38,,57,43,10.632876712328768,-1,0.57
openai-cookbook,2022-03-11 02:08:53,673,0,2025-03-02 18:56:02,MDX,100,0,2.978082191780822,0,1.0
caddy,2015-01-13 19:45:03,2041,123,2025-03-02 20:11:17,Go,100,0,10.136986301369863,-1,1.0
echarts,2013-04-03 03:18:59,1354,118,2025-03-02 19:42:23,TypeScript,100,0,11.92054794520548,-1,1.0
socket.io,2010-03-11 18:24:48,435,75,2025-03-02 21:08:00,TypeScript,100,0,14.986301369863014,-1,1.0
nocode,2018-02-06 23:54:00,1,1,2025-03-02 18:21:26,Dockerfile,19,81,7.068493150684931,0,0.19
scikit-learn,2010-08-17 09:43:38,12919,45,2025-03-02 18:51:44,Python,99,1,14.550684931506849,0,0.99
SecLists,2012-02-19 01:30:18,660,27,2025-03-02 21:45:02,PHP,100,0,13.04109589041096,-1,1.0
redux,2015-05-29 23:53:15,1708,78,2025-03-02 19:20:49,TypeScript,100,0,9.764383561643836,-1,1.0
AppFlowy,2021-06-16 12:56:48,3505,98,2025-03-02 20:21:42,Dart,90,10,3.712328767123288,-1,0.9
Java,2016-07-16 10:21:02,1850,0,2025-03-02 21:10:15,Java,100,0,8.632876712328768,-1,1.0
Apollo-11,2014-04-03 15:45:02,341,0,2025-03-02 20:47:04,Assembly,99,1,10.92054794520548,-1,0.99
cs-self-learning,2021-10-20 13:43:42,270,4,2025-03-02 20:27:13,HTML,61,39,3.367123287671233,-1,0.61
awesome-scalability,2017-12-27 03:46:40,36,0,2025-03-02 19:03:56,,0,0,7.183561643835616,0,
atom,2012-01-20 18:18:21,3937,538,2025-03-02 19:33:14,JavaScript,100,0,13.123287671232877,-1,1.0
lodash,2012-04-07 04:11:46,581,2,2025-03-02 10:13:39,JavaScript,100,0,12.90958904109589,0,1.0
architect-awesome,2018-04-06 13:30:58,49,0,2025-03-02 07:35:03,,22,49,6.909589041095891,0,0.30985915492957744
design-resources-for-developers,2020-05-06 14:40:35,939,0,2025-03-02 21:10:20,,100,0,4.824657534246575,-1,1.0
Front-end-Developer-Interview-Questions,2012-02-09 23:34:10,484,0,2025-03-02 21:16:59,Nunjucks,99,1,13.065753424657535,-1,0.99
markdown-here,2012-05-13 03:27:22,25,14,2025-03-02 08:36:23,JavaScript,79,21,12.810958904109588,0,0.79
awesome-nodejs,2014-07-11 13:35:34,414,0,2025-03-02 20:34:01,,100,0,10.64931506849315,-1,1.0
jquery,2009-04-03 15:20:14,789,10,2025-03-02 21:32:22,JavaScript,95,5,15.923287671232877,-1,0.95
immich,2022-02-03 15:56:27,5591,235,2025-03-02 21:44:28,TypeScript,99,1,3.0767123287671234,-1,0.99
awesome-courses,2014-11-15 18:36:49,194,0,2025-03-02 20:34:33,,39,40,10.301369863013699,-1,0.4936708860759494
new-pac,2016-03-23 08:43:36,0,0,2025-03-02 21:51:30,Python,100,0,8.947945205479453,-1,1.0
annotated_deep_learning_paper_implementations,2020-08-25 02:29:34,102,0,2025-03-02 21:13:53,Python,89,11,4.52054794520548,-1,0.89
angular.js,2010-01-06 00:34:37,789,0,2025-03-02 17:18:52,JavaScript,100,0,15.161643835616438,0,1.0
shadowsocks-windows,2013-01-14 07:54:16,290,55,2025-03-02 18:37:54,C#,100,0,12.136986301369863,0,1.0
docusaurus,2017-06-20 16:13:53,5351,149,2025-03-02 21:01:43,TypeScript,100,0,7.704109589041096,-1,1.0
open-interpreter,2023-07-14 07:10:44,367,48,2025-03-02 21:34:20,Python,100,0,1.6356164383561644,-1,1.0
localsend,2022-12-16 00:46:07,654,24,2025-03-02 21:54:40,Dart,74,26,2.210958904109589,-1,0.74
act,2019-01-02 19:53:43,1012,83,2025-03-02 21:10:18,Go,99,1,6.164383561643835,-1,0.99
localstack,2016-10-25 23:48:03,5736,89,2025-03-02 21:22:49,Python,100,0,8.353424657534246,-1,1.0
alacritty,2016-02-18 05:02:30,1860,101,2025-03-02 21:56:02,Rust,96,4,9.04109589041096,-1,0.96
fuel-core,2020-08-27 21:12:14,1390,113,2025-03-02 15:56:49,Rust,100,0,4.512328767123288,0,1.0
llama,2023-02-14 09:29:12,54,0,2025-03-02 19:07:35,Python,95,5,2.0465753424657533,-1,0.95
prometheus,2012-11-24 11:14:12,7140,328,2025-03-02 18:55:30,Go,99,1,12.276712328767124,0,0.99
spring-framework,2010-12-08 04:04:45,851,324,2025-03-02 19:36:58,Java,100,0,14.241095890410959,-1,1.0
lazygit,2018-05-19 00:53:06,1504,160,2025-03-02 21:32:51,Go,97,3,6.791780821917809,-1,0.97
html5-boilerplate,2010-01-24 18:03:24,773,34,2025-03-02 21:13:01,JavaScript,100,0,15.112328767123287,-1,1.0
lobe-chat,2023-05-21 07:19:12,1843,1000,2025-03-02 20:06:07,TypeScript,100,0,1.7835616438356163,-1,1.0
rustlings,2015-09-15 02:25:18,905,45,2025-03-02 21:54:33,Rust,100,0,9.468493150684932,-1,1.0
nerd-fonts,2014-12-05 04:31:17,521,37,2025-03-02 20:19:35,CSS,100,0,10.246575342465754,-1,1.0
rails,2008-04-11 02:19:47,24721,145,2025-03-02 21:53:09,Ruby,100,0,16.9013698630137,-1,1.0
nuxt,2016-10-26 11:18:47,6211,234,2025-03-02 20:40:38,TypeScript,100,0,8.353424657534246,-1,1.0
gatsby,2015-05-21 22:43:05,18147,149,2025-03-02 17:29:18,JavaScript,100,0,9.786301369863013,0,1.0
DeepLearning-500-questions,2018-06-27 06:36:45,302,0,2025-03-02 21:41:39,JavaScript,67,33,6.684931506849315,-1,0.67
private-gpt,2023-05-02 09:15:31,226,10,2025-03-02 21:15:15,Python,100,0,1.8356164383561644,-1,1.0
you-get,2012-08-20 15:53:36,582,123,2025-03-02 13:15:52,Python,0,0,12.53972602739726,0,
leetcode,2018-03-30 09:13:51,257,40,2025-03-02 21:11:16,JavaScript,98,2,6.928767123287671,-1,0.98
ghidra,2019-03-01 03:27:48,496,42,2025-03-02 17:32:29,Java,92,8,6.008219178082192,0,0.92
zed,2021-02-20 03:01:06,11193,736,2025-03-02 21:13:07,Rust,100,0,4.03013698630137,-1,1.0
awesome-flutter,2017-05-07 11:45:27,444,0,2025-03-02 19:57:25,Dart,0,0,7.824657534246575,-1,
scrapy,2010-02-22 02:01:14,2257,39,2025-03-02 18:19:20,Python,96,4,15.032876712328767,0,0.96
awesome-chatgpt-prompts-zh,2022-12-12 01:55:03,33,0,2025-03-02 17:28:58,,58,38,2.221917808219178,0,0.6041666666666666
leetcode-master,2019-12-14 12:05:42,2291,0,2025-03-02 18:36:22,Shell,34,66,5.219178082191781,0,0.34
face_recognition,2017-03-03 21:52:39,94,2,2025-03-02 21:54:48,Python,99,1,8.0,-1,0.99
element,2016-09-03 06:19:26,3231,145,2025-03-02 07:32:25,Vue,100,0,8.498630136986302,0,1.0
react-router,2014-05-16 22:22:51,2755,294,2025-03-02 21:13:13,TypeScript,100,0,10.8,-1,1.0
tldr,2013-12-08 07:34:43,12959,5,2025-03-02 21:04:59,Markdown,100,0,11.238356164383562,-1,1.0
Prompt-Engineering-Guide,2022-12-16 16:04:50,302,0,2025-03-02 21:44:54,MDX,54,46,2.210958904109589,-1,0.54
git,2008-07-23 14:21:26,3,0,2025-03-02 21:44:49,C,0,0,16.61917808219178,-1,
ChatGPT,2022-12-07 09:43:02,123,34,2025-03-02 21:56:04,Rust,93,7,2.2356164383561645,-1,0.93
Real-Time-Voice-Cloning,2019-05-26 08:56:15,48,0,2025-03-02 18:56:39,Python,98,2,5.772602739726027,0,0.98
traefik,2015-09-13 19:04:02,4501,461,2025-03-02 21:46:04,Go,94,6,9.473972602739726,-1,0.94
faceswap,2017-12-19 09:44:13,357,4,2025-03-02 17:50:36,Python,99,1,7.205479452054795,0,0.99
gpt-engineer,2023-04-29 12:52:15,351,20,2025-03-02 15:48:40,Python,100,0,1.8438356164383563,0,1.0
weekly,2018-10-13 12:36:07,93,0,2025-03-02 16:42:19,,40,60,6.389041095890411,0,0.4
Stirling-PDF,2023-01-27 18:22:42,1540,115,2025-03-02 21:55:49,Java,94,6,2.095890410958904,-1,0.94
normalize.css,2011-05-04 10:20:25,56,0,2025-03-02 17:38:40,CSS,100,0,13.838356164383562,0,1.0
drawio-desktop,2017-05-25 20:58:42,20,151,2025-03-02 18:25:40,JavaScript,100,0,7.772602739726027,0,1.0
openpilot,2016-11-24 01:33:30,10923,55,2025-03-02 21:49:28,Python,100,0,8.273972602739725,-1,1.0
yolov5,2020-05-18 03:45:11,2178,10,2025-03-02 17:50:38,Python,98,2,4.791780821917809,0,0.98
requests,2011-02-13 18:38:17,1567,12,2025-03-02 20:10:38,Python,100,0,14.057534246575342,-1,1.0
mkcert,2018-06-25 05:33:03,52,14,2025-03-02 18:14:41,Go,89,11,6.69041095890411,0,0.89
nocodb,2017-10-29 18:51:48,4454,163,2025-03-02 19:46:03,TypeScript,91,9,7.345205479452055,-1,0.91
hackingtool,2020-04-11 09:21:31,55,0,2025-03-02 18:39:26,Python,100,0,4.8931506849315065,0,1.0
awesome-android-ui,2014-12-24 01:45:03,90,0,2025-03-02 21:16:12,,91,9,10.194520547945206,-1,0.91
ionic-framework,2013-08-20 23:06:02,6047,889,2025-03-02 15:52:44,TypeScript,100,0,11.536986301369863,0,1.0
bat,2018-04-21 10:52:23,1390,41,2025-03-02 19:01:16,Rust,100,0,6.868493150684931,0,1.0
project-layout,2017-09-09 16:33:26,91,0,2025-03-02 20:34:33,Makefile,37,63,7.482191780821918,-1,0.37
Magisk,2016-09-08 12:42:53,1540,143,2025-03-02 21:35:19,C++,100,0,8.484931506849316,-1,1.0
material-design-icons,2014-10-08 18:01:28,48,16,2025-03-02 20:26:28,,91,9,10.405479452054795,-1,0.91
Semantic-UI,2013-04-08 23:32:04,357,154,2025-03-02 19:34:31,JavaScript,100,0,11.904109589041095,-1,1.0
rich,2019-11-10 15:28:09,806,168,2025-03-02 20:48:34,Python,100,0,5.3123287671232875,-1,1.0
anime,2016-03-13 21:37:45,72,15,2025-03-02 20:15:56,JavaScript,99,1,8.972602739726028,-1,0.99
ripgrep,2016-03-11 02:02:33,511,72,2025-03-02 21:50:40,Rust,100,0,8.98082191780822,-1,1.0
pi-hole,2014-06-08 15:02:55,1990,111,2025-03-02 19:48:34,Shell,100,0,10.73972602739726,-1,1.0
zustand,2019-04-09 09:10:06,746,92,2025-03-02 20:45:14,TypeScript,99,1,5.901369863013699,-1,0.99
guava,2014-05-29 16:23:17,835,48,2025-03-02 20:51:57,Java,100,0,10.767123287671232,-1,1.0
minio,2015-01-14 19:23:58,9763,511,2025-03-02 21:10:07,Go,100,0,10.134246575342466,-1,1.0
grok-1,2024-03-17 08:53:38,5,0,2025-03-02 18:11:10,Python,80,20,0.958904109589041,0,0.8
kotlin,2012-02-13 17:29:58,2064,248,2025-03-02 18:57:15,Kotlin,0,0,13.057534246575342,0,
uBlock,2015-04-01 17:51:11,247,273,2025-03-02 21:13:20,JavaScript,100,0,9.926027397260274,-1,1.0
langflow,2023-02-08 22:28:03,3419,250,2025-03-02 21:49:34,Python,100,0,2.0602739726027397,-1,1.0
prettier,2016-11-29 17:13:37,8492,123,2025-03-02 21:49:08,JavaScript,100,0,8.26027397260274,-1,1.0
pdf.js,2011-04-26 06:32:03,7806,70,2025-03-02 21:14:58,JavaScript,100,0,13.860273972602739,-1,1.0
Docker-OSX,2020-06-04 11:01:37,105,0,2025-03-02 21:56:07,Shell,80,20,4.745205479452054,-1,0.8
github-cheat-sheet,2014-04-12 16:38:42,129,0,2025-03-02 20:05:27,,48,22,10.895890410958904,-1,0.6857142857142857
dive,2018-05-13 15:44:01,141,26,2025-03-02 21:08:25,Go,85,15,6.808219178082192,-1,0.85
jekyll,2008-10-20 06:29:03,3178,112,2025-03-02 19:38:41,Ruby,100,0,16.375342465753423,-1,1.0
bulma,2016-01-23 23:48:34,638,21,2025-03-02 20:31:54,CSS,98,2,9.10958904109589,-1,0.98
meilisearch,2018-04-23 11:45:28,1936,242,2025-03-02 21:49:04,Rust,100,0,6.863013698630137,-1,1.0
astro,2021-03-15 17:19:47,6859,1000,2025-03-02 20:58:20,TypeScript,100,0,3.967123287671233,-1,1.0
DefinitelyTyped,2012-10-05 16:39:45,51090,1,2025-03-02 18:52:03,TypeScript,99,1,12.413698630136986,0,0.99
clash-verge-rev,2023-11-21 18:24:03,158,43,2025-03-02 21:57:11,TypeScript,99,1,1.2794520547945205,-1,0.99
segment-anything,2023-03-23 17:03:03,16,0,2025-03-02 17:54:14,Jupyter Notebook,31,69,1.9452054794520548,0,0.31
rclone,2014-03-16 16:19:57,2011,108,2025-03-02 19:08:12,Go,98,2,10.96986301369863,-1,0.98
core,2018-06-12 13:49:36,2971,238,2025-03-02 18:32:21,TypeScript,99,1,6.726027397260274,0,0.99
awesome-rust,2014-07-17 10:45:10,1481,0,2025-03-02 21:30:32,Rust,93,7,10.632876712328768,-1,0.93
trackerslist,2016-04-24 11:57:57,1,0,2025-03-02 20:10:40,,99,1,8.860273972602739,-1,0.99
chinese-poetry,2016-09-02 03:32:25,135,1,2025-03-02 13:00:50,JavaScript,65,35,8.501369863013698,0,0.65
marktext,2017-11-12 16:05:25,939,36,2025-03-02 19:25:30,JavaScript,98,2,7.306849315068493,-1,0.98
MetaGPT,2023-06-30 09:04:55,653,21,2025-03-02 21:52:44,Python,98,2,1.673972602739726,-1,0.98
etcd,2013-07-06 21:57:21,9219,245,2025-03-02 21:32:24,Go,100,0,11.66027397260274,-1,1.0
Ghost,2013-05-04 11:09:13,12309,847,2025-03-02 20:44:02,JavaScript,100,0,11.835616438356164,-1,1.0
OpenHands,2024-03-13 03:33:31,3512,44,2025-03-02 21:55:26,Python,100,0,0.9698630136986301,-1,1.0
go-ethereum,2013-12-26 13:05:46,7800,209,2025-03-02 19:59:34,Go,100,0,11.189041095890412,-1,1.0
awesome-ios,2014-07-10 16:03:45,2233,0,2025-03-02 15:31:48,Swift,100,0,10.652054794520549,0,1.0
cypress,2015-03-04 00:46:28,6656,359,2025-03-02 12:10:55,TypeScript,99,1,10.002739726027396,0,0.99
powerlevel10k,2019-02-24 19:09:45,167,33,2025-03-02 21:33:09,Shell,100,0,6.019178082191781,-1,1.0
FFmpeg,2011-04-14 14:12:38,16,0,2025-03-02 21:47:15,C,0,0,13.893150684931507,-1,
moment,2011-03-01 02:46:06,714,0,2025-03-01 08:50:46,JavaScript,100,0,14.013698630136986,1,1.0
RxJava,2013-01-08 20:11:48,3296,235,2025-03-02 20:51:58,Java,100,0,12.150684931506849,-1,1.0
hacker-scripts,2015-11-21 19:05:09,63,0,2025-03-02 17:42:51,JavaScript,52,35,9.284931506849315,0,0.5977011494252874
joplin,2017-01-16 21:49:41,3847,370,2025-03-02 21:13:32,TypeScript,99,1,8.126027397260273,-1,0.99
mastodon,2016-02-22 15:01:25,16629,266,2025-03-02 18:56:39,Ruby,99,1,9.03013698630137,0,0.99
hiring-without-whiteboards,2017-03-15 05:09:01,1297,0,2025-03-02 20:23:59,JavaScript,0,0,7.96986301369863,-1,
dayjs,2018-04-10 09:26:44,695,119,2025-03-02 18:15:05,JavaScript,97,3,6.898630136986301,0,0.97
appwrite,2019-04-08 16:36:25,3338,104,2025-03-02 20:11:23,TypeScript,98,2,5.904109589041096,-1,0.98
professional-programming,2015-11-07 05:07:52,38,0,2025-03-02 18:52:50,Python,28,0,9.323287671232876,0,1.0
gitea,2016-11-01 02:13:26,17018,205,2025-03-02 20:54:44,Go,94,6,8.336986301369864,-1,0.94
starship,2019-04-02 03:23:12,2788,134,2025-03-02 20:47:31,Rust,95,5,5.920547945205479,-1,0.95
llm-course,2023-06-17 22:16:25,1,0,2025-03-02 21:45:38,Jupyter Notebook,28,48,1.7068493150684931,-1,0.3684210526315789
ImHex,2020-11-10 14:27:00,595,79,2025-03-02 19:08:47,C++,99,1,4.30958904109589,-1,0.99
algorithm-visualizer,2016-05-15 00:27:45,183,0,2025-03-02 19:31:14,JavaScript,73,27,8.802739726027397,-1,0.73
first-contributions,2016-09-20 14:35:09,79917,0,2025-03-02 21:51:53,,100,0,8.452054794520548,-1,1.0
big-list-of-naughty-strings,2015-08-08 20:57:20,90,0,2025-03-02 19:58:09,Python,32,68,9.56986301369863,-1,0.32
PaddleOCR,2020-05-08 10:38:16,2601,16,2025-03-02 20:54:32,Python,100,0,4.8191780821917805,-1,1.0
awesome-wechat-weapp,2016-09-22 20:04:48,277,0,2025-03-02 15:49:52,,0,0,8.443835616438356,0,
Motrix,2018-12-18 11:45:05,192,21,2025-03-02 19:14:08,JavaScript,94,6,6.208219178082191,-1,0.94
alist,2020-12-23 17:40:29,783,124,2025-03-02 17:58:27,Go,100,0,4.191780821917808,0,1.0
PowerShell,2016-01-13 23:41:35,7317,181,2025-03-02 20:22:32,C#,100,0,9.136986301369863,-1,1.0
serverless,2015-04-21 03:48:40,4721,432,2025-03-02 18:55:56,JavaScript,100,0,9.871232876712329,0,1.0
100-Days-Of-ML-Code,2018-07-05 09:11:43,6,0,2025-03-02 21:45:27,,0,0,6.663013698630137,-1,
julia,2011-04-21 07:01:50,24980,171,2025-03-02 20:50:08,Julia,99,1,13.873972602739727,-1,0.99
okhttp,2012-07-23 13:42:55,3519,0,2025-03-02 15:42:56,Kotlin,100,0,12.616438356164384,0,1.0
AFFiNE,2022-07-31 18:45:21,6526,434,2025-03-02 21:40:31,TypeScript,100,0,2.589041095890411,-1,1.0
design-patterns-for-humans,2017-02-16 21:24:39,50,0,2025-03-02 20:10:03,,47,5,8.04109589041096,-1,0.9038461538461539
react,2018-06-02 04:08:16,370,0,2025-03-02 21:47:37,JavaScript,100,0,6.7534246575342465,-1,1.0
learn-regex,2017-07-22 12:21:03,124,0,2025-03-02 10:25:13,,35,51,7.616438356164384,0,0.4069767441860465
Projects,2013-07-04 13:37:27,19,0,2025-03-02 21:07:47,,33,41,11.668493150684931,-1,0.44594594594594594
v2ray-core,2015-09-04 11:42:53,203,247,2025-03-02 21:13:23,Go,100,0,9.498630136986302,-1,1.0
x64dbg,2015-04-11 20:48:23,699,2,2025-03-02 19:35:45,C++,95,5,9.895890410958904,-1,0.95
gogs,2014-02-12 01:57:08,1739,82,2025-03-02 18:59:30,Go,97,3,11.057534246575342,0,0.97
huginn,2013-03-10 06:00:31,1042,1,2025-03-02 21:53:08,Ruby,94,6,11.986301369863014,-1,0.94
30-Days-Of-Python,2019-11-19 17:24:16,55,0,2025-03-02 21:39:45,Python,69,31,5.287671232876712,-1,0.69
architecture-samples,2016-02-05 13:42:07,231,0,2025-03-02 21:13:26,Kotlin,92,8,9.076712328767123,-1,0.92
quill,2012-07-30 23:23:18,379,95,2025-03-02 18:08:07,TypeScript,99,1,12.594520547945205,0,0.99
pandas,2010-08-24 01:37:33,26520,109,2025-03-02 21:18:06,Python,100,0,14.531506849315068,-1,1.0
pixijs,2013-01-21 22:40:50,3571,284,2025-03-02 17:37:08,TypeScript,100,0,12.115068493150686,0,1.0
json,2013-07-04 08:47:49,811,44,2025-03-02 21:34:29,C++,100,0,11.668493150684931,-1,1.0
meteor,2012-01-19 01:58:17,2405,0,2025-03-02 18:19:22,JavaScript,100,0,13.126027397260273,0,1.0
jest,2013-12-10 00:18:04,5595,203,2025-03-02 19:36:37,TypeScript,100,0,11.232876712328768,-1,1.0
type-challenges,2020-07-23 14:33:11,574,0,2025-03-02 21:24:31,TypeScript,23,77,4.610958904109589,-1,0.23
AdminLTE,2013-12-25 02:52:40,1539,75,2025-03-02 14:04:58,Astro,100,0,11.191780821917808,0,1.0
Deep-Live-Cam,2023-09-24 13:19:31,69,4,2025-03-02 21:54:06,Python,100,0,1.4383561643835616,-1,1.0
terraform,2014-03-13 22:25:48,12226,350,2025-03-02 21:17:11,Go,100,0,10.975342465753425,-1,1.0
open-source-ios-apps,2015-01-26 23:32:34,1250,37,2025-03-02 18:43:08,,100,0,10.101369863013698,0,1.0
pocketbase,2022-07-05 06:06:21,49,196,2025-03-02 19:56:30,Go,98,2,2.66027397260274,-1,0.98
30-Days-Of-JavaScript,2019-12-23 14:07:40,98,0,2025-03-02 19:37:32,JavaScript,49,51,5.1945205479452055,-1,0.49
query,2019-09-10 19:23:58,2459,1000,2025-03-02 19:29:54,TypeScript,100,0,5.476712328767123,-1,1.0
PythonDataScienceHandbook,2016-08-10 14:24:36,28,0,2025-03-02 21:39:54,Jupyter Notebook,45,55,8.564383561643835,-1,0.45
fuels-ts,2021-09-03 18:11:03,1867,143,2025-03-02 09:41:31,TypeScript,99,1,3.495890410958904,0,0.99
fuels-rs,2021-10-31 22:33:54,860,110,2025-03-02 09:41:35,Rust,98,2,3.334246575342466,0,0.98
hyper,2016-07-01 06:01:21,3291,88,2025-03-02 19:59:43,TypeScript,94,6,8.673972602739726,-1,0.94
htmx,2020-04-13 16:17:51,873,24,2025-03-02 21:26:32,JavaScript,97,3,4.887671232876713,-1,0.97
awesome-react-components,2016-06-24 15:19:33,324,0,2025-03-02 21:05:43,,44,7,8.693150684931506,-1,0.8627450980392157
parcel,2017-08-07 16:36:47,2578,39,2025-03-02 19:59:46,JavaScript,99,1,7.572602739726028,-1,0.99
zx,2021-05-05 05:50:01,380,79,2025-03-02 21:13:56,JavaScript,100,0,3.8273972602739725,-1,1.0
TensorFlow-Examples,2015-11-11 14:21:19,88,0,2025-03-02 21:55:00,Jupyter Notebook,39,61,9.312328767123288,-1,0.39
Fooocus,2023-08-09 18:43:40,447,21,2025-03-02 21:27:58,Python,95,5,1.5643835616438355,-1,0.95
build-web-application-with-golang,2012-08-02 11:49:35,757,0,2025-03-02 19:32:12,Go,98,2,12.58904109589041,-1,0.98
babel,2014-09-28 13:38:23,6068,426,2025-03-02 18:32:00,TypeScript,100,0,10.432876712328767,0,1.0
discourse,2013-01-12 00:25:55,27516,0,2025-03-02 20:58:40,Ruby,0,0,12.142465753424657,-1,
CppCoreGuidelines,2015-08-19 20:22:52,807,4,2025-03-02 20:38:55,CSS,93,7,9.53972602739726,-1,0.93
retrofit,2010-09-06 21:39:43,1056,2,2025-03-02 21:13:02,HTML,100,0,14.493150684931507,-1,1.0
frontend-dev-bookmarks,2013-06-22 13:23:55,129,1,2025-03-02 17:11:45,,81,19,11.7013698630137,0,0.81
jadx,2013-03-18 17:08:21,525,30,2025-03-02 19:10:57,Java,94,6,11.964383561643835,-1,0.94
open-source-mac-os-apps,2017-11-03 02:35:33,523,0,2025-03-02 19:35:12,,92,8,7.331506849315068,-1,0.92
awesome-java,2014-07-09 10:12:43,691,0,2025-03-02 15:36:50,,100,0,10.654794520547945,0,1.0
text-generation-webui,2022-12-21 04:17:37,1076,58,2025-03-02 21:31:48,Python,100,0,2.197260273972603,-1,1.0
LLaMA-Factory,2023-05-28 10:09:12,405,32,2025-03-02 19:38:56,Python,100,0,1.7643835616438357,-1,1.0
brew,2016-03-06 05:08:38,12126,412,2025-03-02 20:14:35,Ruby,100,0,8.994520547945205,-1,1.0
react-use,2018-10-27 10:16:05,1520,256,2025-03-02 17:10:15,TypeScript,79,21,6.35068493150685,0,0.79
lazydocker,2019-05-18 08:53:50,186,42,2025-03-02 21:27:50,Go,81,19,5.794520547945205,-1,0.81
lx-music-desktop,2019-08-14 14:31:08,78,109,2025-03-02 17:46:17,TypeScript,99,1,5.553424657534246,0,0.99
react-hook-form,2019-03-05 23:47:10,2000,564,2025-03-02 21:18:31,TypeScript,100,0,5.994520547945205,-1,1.0
grpc,2014-12-08 18:58:53,19611,338,2025-03-02 21:13:18,C++,99,1,10.238356164383562,-1,0.99
kubernetes-the-hard-way,2016-07-07 14:15:27,71,0,2025-03-02 20:53:40,,100,0,8.657534246575343,-1,1.0
front-end-interview-handbook,2018-01-13 19:40:08,310,0,2025-03-02 21:23:37,MDX,87,13,7.134246575342465,-1,0.87
vaultwarden,2018-02-17 22:40:20,914,69,2025-03-02 21:34:16,Rust,100,0,7.038356164383561,-1,1.0
Leaflet,2010-09-22 16:57:44,3014,31,2025-03-02 20:43:17,JavaScript,100,0,14.452054794520548,-1,1.0
Rocket.Chat,2015-05-19 07:36:09,13594,1000,2025-03-02 21:44:40,TypeScript,99,1,9.794520547945206,-1,0.99
git-flight-rules,2014-07-22 20:35:09,224,0,2025-03-01 21:11:21,,55,18,10.616438356164384,0,0.7534246575342466
dbeaver,2015-10-21 08:26:28,5560,219,2025-03-02 21:49:19,Java,98,2,9.36986301369863,-1,0.98
pm2,2013-05-21 03:25:25,550,124,2025-03-02 15:13:23,JavaScript,100,0,11.789041095890411,0,1.0
maybe,2024-01-01 22:23:46,866,26,2025-03-02 21:53:48,Ruby,100,0,1.1643835616438356,-1,1.0
uv,2023-10-02 20:24:11,5830,158,2025-03-02 21:39:16,Rust,99,1,1.4136986301369863,-1,0.99
ragflow,2023-12-12 06:13:13,2338,22,2025-03-02 21:29:08,TypeScript,94,6,1.2219178082191782,-1,0.94
awesome-cheatsheets,2017-11-09 02:47:15,169,0,2025-03-02 21:52:52,JavaScript,57,35,7.315068493150685,-1,0.6195652173913043
Alamofire,2014-07-31 05:56:19,650,102,2025-03-02 14:03:23,Swift,100,0,10.594520547945205,0,1.0
JeecgBoot,2018-11-26 10:40:00,88,54,2025-03-02 20:52:10,Java,100,0,6.2684931506849315,-1,1.0
edex-ui,2017-01-28 09:35:02,399,29,2025-03-02 20:26:43,JavaScript,100,0,8.095890410958905,-1,1.0
monaco-editor,2016-06-07 16:56:31,463,91,2025-03-02 17:12:11,JavaScript,99,1,8.73972602739726,0,0.99
GPT-SoVITS,2024-01-14 18:05:21,286,2,2025-03-02 18:27:01,Python,76,24,1.1315068493150684,0,0.76
yarn,2016-01-19 17:39:16,1654,152,2025-03-02 14:46:48,JavaScript,100,0,9.123287671232877,0,1.0
awesome-design-patterns,2018-06-04 17:47:48,31,0,2025-03-02 17:09:08,,5,10,6.747945205479452,0,0.3333333333333333
acme.sh,2015-12-26 12:56:33,1377,44,2025-03-02 15:49:30,Shell,99,1,9.189041095890412,0,0.99
prisma,2019-06-20 13:33:47,5777,209,2025-03-02 20:46:51,TypeScript,95,5,5.704109589041096,-1,0.95
LLMs-from-scratch,2023-07-23 18:15:57,287,0,2025-03-02 21:23:51,Jupyter Notebook,100,0,1.610958904109589,-1,1.0
FreeDomain,2024-05-30 13:23:00,0,0,2025-03-02 21:37:27,HTML,0,0,0.7561643835616438,-1,
reactjs-interview-questions,2018-05-31 17:17:01,158,0,2025-03-02 20:15:36,JavaScript,95,5,6.758904109589041,-1,0.95
what-happens-when,2013-11-07 04:30:06,108,0,2025-03-02 21:52:51,,20,80,11.323287671232876,-1,0.2
vue2-elm,2016-12-23 01:49:20,21,0,2025-03-02 11:05:31,Vue,100,0,8.194520547945206,0,1.0
metabase,2015-02-02 19:25:47,28425,622,2025-03-02 20:42:00,Clojure,99,1,10.082191780821917,-1,0.99
ChatGLM-6B,2023-03-13 12:00:18,49,0,2025-03-02 17:42:19,Python,96,4,1.9726027397260273,0,0.96
python-patterns,2012-06-06 21:02:35,265,0,2025-03-02 18:02:10,Python,78,12,12.742465753424657,0,0.8666666666666667
pyenv,2012-08-31 06:57:52,937,120,2025-03-02 21:38:15,Roff,100,0,12.509589041095891,-1,1.0
odoo,2014-05-13 15:38:58,6179,0,2025-03-02 21:49:19,Python,100,0,10.810958904109588,-1,1.0
dubbo,2012-06-19 07:56:02,5594,107,2025-03-02 19:42:17,Java,100,0,12.70958904109589,-1,1.0
styled-components,2016-08-16 06:41:32,953,172,2025-03-02 17:31:52,TypeScript,100,0,8.547945205479452,0,1.0
spark,2014-02-25 08:00:08,7,0,2025-03-02 19:27:11,Scala,0,0,11.021917808219179,-1,
swiper,2012-03-14 19:11:45,592,81,2025-03-02 15:13:22,JavaScript,100,0,12.972602739726028,0,1.0
autogen,2023-08-18 11:43:45,2109,75,2025-03-02 20:06:20,Python,100,0,1.5397260273972602,-1,1.0
nw.js,2012-01-04 06:21:10,575,0,2025-03-02 08:07:04,JavaScript,98,2,13.167123287671233,0,0.98
ColossalAI,2021-10-28 16:19:44,3623,48,2025-03-02 15:52:08,Python,99,1,3.345205479452055,0,0.99
uni-app,2018-07-12 08:52:39,323,0,2025-03-02 17:55:24,JavaScript,98,2,6.6438356164383565,0,0.98
diagrams,2020-02-02 15:23:24,306,43,2025-03-02 13:33:46,Python,62,38,5.082191780821918,0,0.62
CPlusPlusThings,2019-07-14 08:45:45,72,0,2025-03-02 17:33:11,C++,100,0,5.638356164383562,0,1.0
vuetify,2016-09-12 00:39:35,4082,578,2025-03-02 20:36:07,TypeScript,100,0,8.473972602739726,-1,1.0
stablediffusion,2022-11-23 23:59:50,18,0,2025-03-02 21:22:32,Python,37,63,2.271232876712329,-1,0.37
kong,2014-11-17 23:56:08,6395,144,2025-03-02 21:54:43,Lua,100,0,10.293150684931506,-1,1.0
ailearning,2017-02-25 08:53:02,478,2,2025-03-02 12:15:18,Python,100,0,8.01917808219178,0,1.0
sentry,2010-08-30 22:06:41,63043,145,2025-03-02 18:27:11,Python,100,0,14.512328767123288,0,1.0
hexo,2012-09-23 15:17:08,932,114,2025-03-02 08:07:27,TypeScript,100,0,12.446575342465753,0,1.0
fastlane,2014-12-02 17:00:38,6212,548,2025-03-02 14:40:13,Ruby,100,0,10.254794520547945,0,1.0
vllm,2023-02-09 11:23:20,4803,50,2025-03-02 21:54:01,Python,100,0,2.0602739726027397,-1,1.0
black,2018-03-14 19:54:45,1541,46,2025-03-02 17:34:27,Python,100,0,6.96986301369863,0,1.0
nvm-windows,2014-09-20 16:37:28,107,23,2025-03-02 20:21:52,Go,97,3,10.454794520547946,-1,0.97
nanoGPT,2022-12-28 00:51:12,45,0,2025-03-02 17:40:03,Python,39,61,2.1780821917808217,0,0.39
anything-llm,2023-06-04 02:29:14,869,11,2025-03-02 21:48:34,JavaScript,100,0,1.7452054794520548,-1,1.0
cobra,2013-09-03 20:40:26,609,24,2025-03-02 21:54:24,Go,99,1,11.498630136986302,-1,0.99
iina,2016-12-19 07:18:45,776,44,2025-03-02 20:00:53,Swift,91,9,8.205479452054794,-1,0.91
llama_index,2022-11-02 04:24:54,6130,362,2025-03-02 18:37:36,Python,100,0,2.3315068493150686,0,1.0
termux-app,2015-10-23 09:42:46,160,91,2025-03-02 20:10:16,Java,90,10,9.364383561643836,-1,0.9
markitdown,2024-11-13 19:56:40,89,4,2025-03-02 21:57:37,HTML,26,74,0.2958904109589041,-1,0.26
ClickHouse,2016-06-02 08:28:18,44828,628,2025-03-02 21:05:24,C++,100,0,8.753424657534246,-1,1.0
fanqiang,2015-01-14 00:34:25,3,3,2025-03-02 15:51:46,Kotlin,10,90,10.136986301369863,0,0.1
tldraw,2021-05-09 11:48:37,2866,59,2025-03-02 18:37:44,TypeScript,96,4,3.8164383561643835,0,0.96
cheat.sh,2017-05-07 21:40:56,124,0,2025-03-02 21:27:43,Python,57,43,7.821917808219178,-1,0.57
airflow,2015-04-13 18:04:58,24748,93,2025-03-02 21:55:04,Python,100,0,9.893150684931507,-1,1.0
materialize,2014-09-12 19:35:38,449,41,2025-03-02 18:19:26,JavaScript,99,1,10.473972602739726,0,0.99
tabler,2018-02-01 09:08:59,602,48,2025-03-02 17:42:43,MDX,100,0,7.0849315068493155,0,1.0
Deep-Learning-Papers-Reading-Roadmap,2016-10-14 11:49:48,28,0,2025-03-02 21:39:52,Python,5,50,8.386301369863014,-1,0.09090909090909091
v2rayNG,2019-05-15 02:15:31,407,227,2025-03-02 15:45:13,Kotlin,100,0,5.802739726027397,0,1.0
bert,2018-10-25 22:57:34,32,0,2025-03-02 18:42:31,Python,98,2,6.353424657534247,0,0.98
php-src,2011-06-16 01:52:25,3733,7,2025-03-02 21:55:11,C,85,15,13.72054794520548,-1,0.85
chinese-independent-developer,2017-09-21 11:08:23,268,0,2025-03-02 08:18:09,,99,1,7.449315068493151,0,0.99
chakra-ui,2019-08-17 14:27:54,2661,1000,2025-03-02 21:00:01,TypeScript,100,0,5.545205479452055,-1,1.0
esbuild,2016-06-14 16:08:50,235,292,2025-03-02 17:42:46,Go,98,2,8.72054794520548,0,0.98
wrk,2012-03-20 11:12:28,0,0,2025-03-02 20:27:48,C,96,4,12.95890410958904,-1,0.96
video.js,2010-05-14 18:45:10,1793,328,2025-03-02 19:59:49,JavaScript,100,0,14.810958904109588,-1,1.0
cli,2019-10-03 15:24:53,2397,156,2025-03-02 21:13:48,Go,96,4,5.416438356164384,-1,0.96
50projects50days,2020-11-16 14:39:01,44,0,2025-03-02 18:26:12,CSS,0,0,4.293150684931507,0,
Made-With-ML,2018-11-05 03:44:27,147,0,2025-03-02 21:55:09,Jupyter Notebook,57,16,6.326027397260274,-1,0.7808219178082192
bevy,2020-01-18 21:13:55,4991,36,2025-03-02 21:03:46,Rust,95,5,5.120547945205479,-1,0.95
whisper.cpp,2022-09-25 18:26:37,633,24,2025-03-02 20:08:50,C++,88,12,2.4356164383561643,-1,0.88
mitmproxy,2010-02-16 04:10:13,2537,72,2025-03-02 20:10:42,Python,100,0,15.04931506849315,-1,1.0
TTS,2020-05-20 15:45:28,467,98,2025-03-02 21:08:40,Python,100,0,4.786301369863014,-1,1.0
typst,2019-09-24 21:41:56,1559,21,2025-03-02 17:29:23,Rust,89,11,5.438356164383562,0,0.89
tidb,2015-09-06 04:01:52,31556,206,2025-03-02 15:59:50,Go,100,0,9.493150684931507,0,1.0
English-level-up-tips,2017-05-30 07:18:52,26,0,2025-03-02 05:31:55,HTML,72,27,7.761643835616439,0,0.7272727272727273
FastChat,2023-03-19 00:18:02,850,14,2025-03-02 16:33:14,Python,98,2,1.9561643835616438,0,0.98
zju-icicles,2016-06-28 16:17:32,222,0,2025-03-02 16:26:37,HTML,68,10,8.682191780821919,0,0.8717948717948718
styleguide,2015-05-20 19:18:59,177,0,2025-03-02 21:13:21,HTML,82,18,9.789041095890411,-1,0.82
coolify,2021-01-25 20:54:01,1437,592,2025-03-02 21:32:23,PHP,100,0,4.098630136986301,-1,1.0
streamlit,2019-08-24 00:14:52,4693,92,2025-03-02 20:43:26,Python,98,2,5.526027397260274,-1,0.98
MPAndroidChart,2014-04-25 14:29:47,190,44,2025-03-02 21:13:12,Java,100,0,10.860273972602739,-1,1.0
expo,2016-08-15 17:14:25,15849,0,2025-03-02 21:40:49,TypeScript,100,0,8.550684931506849,-1,1.0
EasySpider,2020-07-18 02:41:27,40,10,2025-03-02 19:35:07,JavaScript,97,3,4.624657534246575,-1,0.97
impress.js,2011-12-28 22:23:19,121,15,2025-03-02 12:20:07,JavaScript,100,0,13.183561643835617,0,1.0
zig,2015-08-06 00:51:28,8564,18,2025-03-02 21:28:03,Zig,93,7,9.578082191780823,-1,0.93
WeChatMsg,2023-01-11 05:03:49,62,33,2025-03-02 16:49:10,Python,96,4,2.1397260273972605,0,0.96
awesome-compose,2020-02-13 08:51:42,149,0,2025-03-02 21:33:17,HTML,37,63,5.052054794520548,-1,0.37
gorm,2013-10-25 08:31:38,730,2,2025-03-02 21:20:13,Go,100,0,11.35890410958904,-1,1.0
phaser,2013-04-12 12:27:51,1704,164,2025-03-02 19:32:01,JavaScript,100,0,11.895890410958904,-1,1.0
vim,2015-08-18 21:03:56,438,0,2025-03-02 21:25:22,Vim Script,87,13,9.542465753424658,-1,0.87
jellyfin,2018-12-09 06:36:45,4481,85,2025-03-02 21:33:54,C#,100,0,6.232876712328767,-1,1.0
TrafficMonitor,2017-07-30 02:51:17,56,26,2025-03-02 21:22:30,C++,75,25,7.594520547945206,-1,0.75
memos,2021-12-08 15:30:18,1628,75,2025-03-02 20:47:23,Go,100,0,3.232876712328767,-1,1.0
quivr,2023-05-12 23:53:30,1799,354,2025-03-02 17:32:49,Python,100,0,1.8054794520547945,0,1.0
free,2020-06-07 02:48:33,0,0,2025-03-02 18:33:38,,46,54,4.736986301369863,0,0.46
ultralytics,2022-09-11 16:39:45,2865,156,2025-03-02 21:39:33,Python,100,0,2.473972602739726,-1,1.0
Open-Assistant,2022-12-13 05:24:17,1616,127,2025-03-02 21:55:14,Python,99,1,2.219178082191781,-1,0.99
preact,2015-09-11 02:40:18,1812,223,2025-03-02 19:53:41,JavaScript,100,0,9.479452054794521,-1,1.0
freecodecamp.cn,2016-09-30 03:13:43,55,0,2025-03-02 02:11:25,CSS,100,0,8.424657534246576,0,1.0
leveldb,2014-08-27 21:17:52,64,21,2025-03-02 21:13:16,C++,98,2,10.517808219178082,-1,0.98
DeepSpeed,2020-01-23 18:35:18,2576,87,2025-03-02 19:12:36,Python,91,9,5.109589041095891,-1,0.91
jsoncrack.com,2022-01-30 15:25:18,83,20,2025-03-02 18:51:13,TypeScript,99,1,3.0876712328767124,0,0.99
bark,2023-04-07 19:34:48,19,0,2025-03-02 21:14:06,Jupyter Notebook,99,1,1.9013698630136986,-1,0.99
tutorials,2013-04-29 18:26:36,13014,0,2025-03-02 15:18:05,Java,100,0,11.849315068493151,0,1.0
curl,2010-03-18 22:32:22,190,87,2025-03-02 20:10:46,C,100,0,14.964383561643835,-1,1.0
shellcheck,2012-11-17 03:15:11,286,29,2025-03-02 21:46:50,Haskell,98,2,12.295890410958904,-1,0.98
awesome-remote-job,2015-01-02 00:31:34,582,0,2025-03-02 21:46:31,,72,2,10.169863013698631,-1,0.972972972972973
python-cheatsheet,2018-01-25 04:16:53,14,0,2025-03-02 19:11:35,Python,61,5,7.104109589041096,-1,0.9242424242424242
aria2,2010-11-27 09:41:48,252,24,2025-03-02 20:51:58,C++,77,23,14.271232876712329,-1,0.77
ant-design-pro,2017-08-25 10:40:44,972,26,2025-03-02 16:22:05,TypeScript,99,1,7.523287671232877,0,0.99
freqtrade,2017-05-17 23:48:53,5556,95,2025-03-02 21:08:24,Python,99,1,7.794520547945205,-1,0.99
pure-bash-bible,2018-06-13 01:39:33,28,0,2025-03-02 15:49:36,Shell,33,43,6.723287671232876,0,0.4342105263157895
interview_internal_reference,2019-06-10 06:54:19,35,0,2025-03-02 15:13:40,Python,18,28,5.7315068493150685,0,0.391304347826087
tmux,2015-06-03 23:32:55,1,37,2025-03-02 21:10:25,C,100,0,9.75068493150685,-1,1.0
penpot,2015-12-29 22:09:07,3632,46,2025-03-02 21:39:32,Clojure,94,6,9.178082191780822,-1,0.94
OpenBB,2020-12-20 10:46:38,4027,42,2025-03-02 20:42:12,Python,100,0,4.2,-1,1.0
photoprism,2018-01-27 12:00:15,708,74,2025-03-02 21:55:19,Go,91,9,7.098630136986301,-1,0.91
istio,2016-11-18 23:57:21,27327,374,2025-03-02 21:46:09,Go,100,0,8.287671232876713,-1,1.0
gradio,2018-12-19 08:24:04,4315,1000,2025-03-02 19:50:24,Python,100,0,6.205479452054795,-1,1.0
GFPGAN,2021-03-19 06:18:20,14,8,2025-03-02 18:30:30,Python,59,41,3.956164383561644,0,0.59
Summer2025-Internships,2020-05-23 20:53:18,1668,0,2025-03-02 21:13:51,,100,0,4.7753424657534245,-1,1.0
novu,2021-08-26 15:22:44,5137,40,2025-03-02 21:13:57,TypeScript,97,3,3.5178082191780824,-1,0.97
GitHubDaily,2018-12-30 13:56:58,3,0,2025-03-02 21:45:37,,99,1,6.175342465753425,-1,0.99
JavaFamily,2019-11-12 04:26:18,2,0,2025-03-02 20:52:18,,60,3,5.306849315068493,-1,0.9523809523809523
ruff,2022-08-09 17:17:44,9028,350,2025-03-02 19:16:15,Rust,97,3,2.5643835616438357,-1,0.97
Files,2019-01-04 18:19:14,5141,123,2025-03-02 21:19:36,C#,100,0,6.161643835616438,-1,1.0
AI-For-Beginners,2021-03-03 16:27:36,167,0,2025-03-02 19:20:01,Jupyter Notebook,87,13,4.0,-1,0.87
trpc,2020-07-18 01:17:11,3559,200,2025-03-02 21:52:50,TypeScript,99,1,4.624657534246575,-1,0.99
aspnetcore,2014-03-11 06:09:42,16937,244,2025-03-02 15:58:52,C#,99,1,10.983561643835616,0,0.99
taro,2018-04-08 09:32:26,3281,186,2025-03-02 21:24:13,TypeScript,100,0,6.904109589041096,-1,1.0
v,2019-02-08 02:57:06,11677,247,2025-03-02 19:47:07,V,100,0,6.065753424657534,-1,1.0
manifesto,2023-08-13 16:17:24,764,0,2025-03-02 17:45:35,HTML,13,13,1.5534246575342465,0,0.5
deeplearningbook-chinese,2016-12-07 11:46:51,16,7,2025-03-02 14:43:43,TeX,92,8,8.238356164383562,0,0.92
helix,2020-06-01 04:26:56,3911,28,2025-03-02 21:47:29,Rust,98,2,4.7534246575342465,-1,0.98
pandoc,2010-03-20 20:34:23,1640,143,2025-03-02 21:54:04,Haskell,99,1,14.95890410958904,-1,0.99
tesseract.js,2015-06-24 02:49:52,190,55,2025-03-02 21:05:43,JavaScript,100,0,9.695890410958905,-1,1.0
wtfpython,2017-08-28 20:22:19,110,2,2025-03-02 17:57:09,Python,90,10,7.512328767123288,0,0.9
arthas,2018-08-29 17:15:57,529,58,2025-03-02 20:52:22,Java,98,2,6.512328767123288,-1,0.98
wtfjs,2017-07-14 15:42:12,124,25,2025-03-02 18:49:31,JavaScript,94,6,7.638356164383562,0,0.94
og-aws,2016-07-13 17:30:16,498,0,2025-03-02 05:08:14,Shell,40,60,8.64109589041096,0,0.4
DragGAN,2023-05-18 10:08:02,18,0,2025-03-02 13:49:32,Python,39,61,1.7917808219178082,0,0.39
MockingBird,2021-08-07 03:53:39,81,1,2025-03-02 15:54:10,Python,95,5,3.56986301369863,0,0.95
lerna,2015-12-04 09:36:55,979,240,2025-03-02 13:13:49,TypeScript,99,1,9.24931506849315,0,0.99
zod,2020-03-07 20:59:08,538,92,2025-03-02 16:50:42,TypeScript,100,0,4.986301369863014,0,1.0
appsmith,2020-06-30 04:07:36,13323,267,2025-03-02 18:52:44,TypeScript,100,0,4.673972602739726,0,1.0
devdocs,2013-10-24 18:16:07,851,0,2025-03-02 20:07:11,Ruby,96,4,11.361643835616439,-1,0.96
fd,2017-05-09 21:27:10,612,40,2025-03-02 21:13:34,Rust,100,0,7.816438356164384,-1,1.0
insomnia,2016-04-23 03:54:26,3062,498,2025-03-02 21:47:20,JavaScript,100,0,8.863013698630137,-1,1.0
ray,2016-10-25 19:38:30,24686,101,2025-03-02 21:41:56,Python,99,1,8.353424657534246,-1,0.99
Flowise,2023-03-31 12:23:09,1078,64,2025-03-02 21:08:42,TypeScript,94,6,1.9232876712328768,-1,0.94
Pake,2022-10-14 09:32:57,95,31,2025-03-02 21:58:11,Rust,100,0,2.3835616438356166,-1,1.0
daisyui,2020-11-28 22:57:27,360,55,2025-03-02 21:05:32,Svelte,100,0,4.257534246575342,-1,1.0
spotube,2021-02-14 03:17:58,231,37,2025-03-02 21:49:22,Dart,96,4,4.046575342465753,-1,0.96
interview,2018-02-09 09:49:48,35,0,2025-03-02 15:50:56,C++,40,24,7.063013698630137,0,0.625
googletest,2015-07-28 15:07:53,810,10,2025-03-02 21:13:22,C++,100,0,9.602739726027398,-1,1.0
shadowsocks-android,2012-12-16 13:40:29,256,185,2025-03-02 21:13:07,Kotlin,100,0,12.216438356164383,-1,1.0
gym,2016-04-27 14:59:16,999,19,2025-03-02 19:44:04,Python,100,0,8.852054794520548,-1,1.0
hello-algorithm,2020-05-29 05:47:09,26,0,2025-03-02 20:56:04,Java,32,12,4.761643835616439,-1,0.7272727272727273
RSSHub,2018-04-02 14:43:21,10163,0,2025-03-02 21:57:58,TypeScript,100,0,6.920547945205479,-1,1.0
sheetjs,2012-12-03 19:25:52,106,0,2025-03-02 15:59:54,,96,4,12.24931506849315,0,0.96
fullPage.js,2013-09-20 11:58:29,315,101,2025-03-02 21:24:10,JavaScript,100,0,11.454794520547946,-1,1.0
date-fns,2014-10-06 10:24:22,1068,122,2025-03-02 18:52:46,TypeScript,100,0,10.41095890410959,0,1.0
upscayl,2022-07-30 17:19:20,86,29,2025-03-02 21:57:00,TypeScript,100,0,2.591780821917808,-1,1.0
koa,2013-07-20 18:53:45,502,3,2025-03-02 19:11:27,JavaScript,100,0,11.624657534246575,-1,1.0
chatgpt-on-wechat,2022-08-07 08:33:41,245,61,2025-03-02 16:59:50,Python,100,0,2.56986301369863,0,1.0
lottie-android,2016-10-06 22:42:42,702,55,2025-03-02 21:13:30,Java,100,0,8.405479452054795,-1,1.0
logseq,2020-05-23 00:06:06,2987,147,2025-03-02 21:33:06,Clojure,100,0,4.778082191780822,-1,1.0
fiber,2020-01-16 03:59:20,1572,124,2025-03-02 19:11:46,Go,100,0,5.1287671232876715,-1,1.0
slidev,2021-04-24 01:25:23,654,381,2025-03-02 21:57:30,TypeScript,100,0,3.8575342465753426,-1,1.0
nativefier,2015-07-05 05:56:42,261,99,2025-03-02 21:13:22,TypeScript,97,3,9.665753424657535,-1,0.97
Awesome-Design-Tools,2019-02-12 13:55:30,283,0,2025-03-02 20:38:14,JavaScript,25,16,6.054794520547945,-1,0.6097560975609756
955.WLB,2019-03-27 23:53:37,18,0,2025-03-02 20:01:27,,33,67,5.934246575342466,-1,0.33
lapce,2018-02-06 08:41:06,1159,31,2025-03-02 15:47:40,Rust,92,8,7.071232876712329,0,0.92
google-research,2018-10-04 18:42:48,29,0,2025-03-02 21:55:25,Jupyter Notebook,41,59,6.413698630136986,-1,0.41
awesome-react-native,2015-03-26 19:58:06,912,0,2025-03-02 20:53:40,JavaScript,35,38,9.93972602739726,-1,0.4794520547945205
hackathon-starter,2013-11-13 17:24:12,326,16,2025-03-02 20:13:56,JavaScript,100,0,11.306849315068494,-1,1.0
typeorm,2016-02-29 07:41:14,2028,32,2025-03-02 15:57:04,TypeScript,99,1,9.01095890410959,0,0.99
metasploit-framework,2011-08-30 06:13:20,10949,0,2025-03-02 19:18:45,Ruby,100,0,13.515068493150684,-1,1.0
carbon,2017-06-16 02:50:28,669,215,2025-03-02 13:32:48,JavaScript,100,0,7.715068493150685,0,1.0
cli,2012-02-25 12:39:13,406,47,2025-03-02 21:13:05,Python,96,4,13.024657534246575,-1,0.96
ccxt,2017-05-14 15:41:56,12558,140,2025-03-02 21:03:53,Python,100,0,7.8054794520547945,-1,1.0
ToolJet,2021-03-30 08:51:34,5579,284,2025-03-02 20:31:59,JavaScript,100,0,3.926027397260274,-1,1.0
halo,2018-03-21 12:56:52,2415,208,2025-03-02 17:29:37,Java,100,0,6.953424657534247,0,1.0
compose,2013-12-09 11:40:58,3287,247,2025-03-02 21:34:20,Go,100,0,11.235616438356164,-1,1.0
glide,2013-07-08 22:52:33,544,47,2025-03-02 17:54:33,Java,98,2,11.654794520547945,0,0.98
ChatTTS,2024-05-27 18:26:49,210,5,2025-03-02 19:40:04,Python,100,0,0.7643835616438356,-1,1.0
browser-use,2024-10-31 16:00:56,274,37,2025-03-02 21:55:31,Python,48,52,0.33424657534246577,-1,0.48
the-way-to-go_ZH_CN,2013-03-24 17:18:38,592,0,2025-03-02 18:35:12,Go,0,0,11.947945205479453,0,
system-design,2022-08-15 18:59:54,11,0,2025-03-02 17:45:59,,20,1,2.547945205479452,0,0.9523809523809523
vim-plug,2013-09-10 14:58:51,176,8,2025-03-02 17:26:22,Vim Script,100,0,11.482191780821918,0,1.0
TaskMatrix,2023-03-02 09:04:28,21,0,2025-03-02 18:23:00,Python,56,44,2.0027397260273974,0,0.56
HanLP,2014-10-09 06:36:16,79,62,2025-03-02 18:17:59,Python,100,0,10.402739726027397,0,1.0
node-v0.x-archive,2009-05-27 16:29:46,218,0,2025-03-01 16:28:04,,100,0,15.775342465753425,1,1.0
cal.com,2021-03-22 13:47:42,8998,394,2025-03-02 21:45:25,TypeScript,100,0,3.947945205479452,-1,1.0
caffe,2013-09-12 18:39:48,1087,14,2025-03-02 12:36:06,C++,99,1,11.476712328767123,0,0.99
formik,2017-06-14 19:50:59,829,196,2025-03-02 19:05:23,TypeScript,99,1,7.717808219178083,0,0.99
clipboard.js,2015-09-18 23:04:55,117,42,2025-03-02 14:25:47,JavaScript,99,1,9.457534246575342,0,0.99
nushell,2019-05-10 16:59:42,7343,104,2025-03-02 21:50:41,Rust,100,0,5.816438356164384,-1,1.0
awesome-javascript,2014-07-01 15:59:02,388,0,2025-03-02 14:05:45,,87,4,10.676712328767124,0,0.9560439560439561
12306,2017-05-17 12:23:40,31,1,2025-03-02 21:16:54,Python,98,2,7.7972602739726025,-1,0.98
marked,2011-07-24 13:15:51,1492,146,2025-03-02 19:54:41,TypeScript,100,0,13.616438356164384,-1,1.0
spacedrive,2021-09-27 05:09:04,1880,25,2025-03-02 18:12:07,TypeScript,92,8,3.43013698630137,0,0.92
gold-miner,2015-11-04 03:29:13,3563,0,2025-03-02 17:20:39,,100,0,9.331506849315069,0,1.0
REKCARC-TSC-UHT,2019-04-05 03:31:23,160,0,2025-03-02 17:25:01,HTML,30,1,5.912328767123288,0,0.967741935483871
union,2023-05-16 22:33:39,1971,76,2025-03-02 21:57:49,Rust,93,7,1.7945205479452055,-1,0.93
node,2024-05-13 23:20:40,29,3,2025-03-02 21:32:02,Shell,10,6,0.8,-1,0.625
netty,2010-11-09 09:22:21,3954,0,2025-03-02 12:15:24,Java,98,2,14.32054794520548,0,0.98
Langchain-Chatchat,2023-03-31 12:12:45,616,31,2025-03-02 14:46:28,TypeScript,100,0,1.9232876712328768,0,1.0
docs,2024-05-07 16:49:36,283,0,2025-03-02 21:32:14,MDX,13,14,0.8191780821917808,-1,0.48148148148148145
awesome-shell,2014-07-07 01:57:42,307,0,2025-03-02 17:43:34,,22,35,10.66027397260274,0,0.38596491228070173
jieba,2012-09-29 07:52:01,96,9,2025-03-02 14:25:10,Python,55,45,12.43013698630137,0,0.55
react-beautiful-dnd,2017-08-09 03:37:15,530,68,2025-03-02 21:13:36,JavaScript,97,3,7.567123287671233,-1,0.97
ink-kit,2024-11-04 16:32:17,86,0,2025-03-02 21:32:09,TypeScript,2,1,0.3232876712328767,-1,0.6666666666666666
shadowsocks,2012-04-20 13:10:49,70,2,2025-03-02 12:40:14,Python,0,0,12.873972602739727,0,
AndroidUtilCode,2016-07-30 18:18:32,88,117,2025-03-02 14:33:56,Java,99,1,8.594520547945205,0,0.99
sqlmap,2012-06-26 09:52:15,169,10,2025-03-02 21:07:37,Python,78,22,12.69041095890411,-1,0.78
spring-boot-demo,2017-11-10 06:27:29,15,0,2025-03-02 20:52:36,Java,58,42,7.3123287671232875,-1,0.58
LeetCode-Go,2017-07-18 00:06:14,178,4,2025-03-02 17:06:09,Go,64,16,7.627397260273972,0,0.8
faiss,2017-02-07 16:07:05,137,18,2025-03-02 21:01:55,C++,99,1,8.068493150684931,-1,0.99
AFNetworking,2011-05-31 21:28:44,710,40,2025-03-01 19:11:38,Objective-C,0,0,13.761643835616438,0,
windows,2024-01-14 13:09:40,337,85,2025-03-02 20:52:02,Shell,99,1,1.1315068493150684,-1,0.99
pytorch-image-models,2019-02-02 05:51:12,439,65,2025-03-02 16:09:40,Python,99,1,6.082191780821918,0,0.99
framework,2013-01-10 21:27:28,15994,804,2025-03-02 18:19:32,PHP,100,0,12.145205479452056,0,1.0
brackets,2011-12-07 21:14:40,4332,69,2025-03-02 17:21:02,JavaScript,100,0,13.241095890410959,0,1.0
XX-Net,2015-01-15 09:35:51,362,388,2025-03-02 13:10:19,Python,98,2,10.134246575342466,0,0.98
husky,2014-06-23 12:14:21,262,80,2025-03-02 18:26:28,JavaScript,100,0,10.698630136986301,0,1.0
easyexcel,2018-02-06 03:14:08,190,14,2025-03-02 20:52:39,Java,100,0,7.071232876712329,-1,1.0
leetcode,2018-09-16 14:03:03,3702,21,2025-03-02 17:40:27,Java,48,2,6.463013698630137,0,0.96
fastify,2016-09-28 19:10:14,2947,290,2025-03-02 21:53:23,JavaScript,100,0,8.427397260273972,-1,1.0
zxing,2011-10-12 14:07:27,317,31,2025-03-02 21:35:55,Java,100,0,13.397260273972602,-1,1.0
gulp,2013-07-04 05:26:06,405,23,2025-03-01 01:39:00,JavaScript,100,0,11.668493150684931,1,1.0
solid,2018-04-24 16:36:27,371,35,2025-03-02 19:42:57,TypeScript,100,0,6.86027397260274,-1,1.0
NewPipe,2015-09-03 23:39:26,1608,135,2025-03-02 19:10:45,Java,99,1,9.498630136986302,-1,0.99
Coursera-ML-AndrewNg-Notes,2017-11-04 10:04:08,13,0,2025-03-02 21:55:29,HTML,15,53,7.328767123287672,-1,0.22058823529411764
unsloth,2023-11-29 16:50:09,300,11,2025-03-02 21:15:46,Python,84,16,1.2575342465753425,-1,0.84
AgentGPT,2023-04-07 02:29:19,539,12,2025-03-02 21:34:22,TypeScript,89,11,1.904109589041096,-1,0.89
immutable-js,2014-07-02 06:02:29,539,85,2025-03-02 14:36:18,TypeScript,98,2,10.673972602739726,0,0.98
JavaScript,2017-07-13 06:12:33,795,0,2025-03-02 19:26:51,JavaScript,100,0,7.641095890410959,-1,1.0
payload,2021-01-05 18:49:45,4908,487,2025-03-02 21:49:44,TypeScript,100,0,4.156164383561644,-1,1.0
linux-command,2016-11-12 15:44:26,347,30,2025-03-02 21:13:31,Markdown,68,32,8.306849315068494,-1,0.68
milvus,2019-09-16 06:43:43,21214,109,2025-03-02 21:38:33,Go,100,0,5.463013698630137,-1,1.0
ijkplayer,2013-06-03 04:12:04,35,0,2025-03-02 14:50:10,C,98,2,11.753424657534246,0,0.98
legado,2019-05-22 04:18:58,1079,115,2025-03-02 20:32:22,Kotlin,100,0,5.7835616438356166,-1,1.0
plane,2022-11-19 12:55:01,4981,40,2025-03-02 21:44:57,TypeScript,80,20,2.2849315068493152,-1,0.8
poetry,2018-02-28 15:23:47,2271,139,2025-03-02 19:45:55,Python,99,1,7.010958904109589,-1,0.99
carbon-lang,2020-04-27 21:45:16,3609,238,2025-03-02 21:13:51,C++,92,8,4.846575342465753,-1,0.92
ShadowsocksX-NG,2016-06-10 11:49:00,64,30,2025-03-02 21:56:26,Swift,97,3,8.73150684931507,-1,0.97
Python,2011-11-30 09:04:08,1636,0,2025-03-02 20:34:11,Python,46,54,13.263013698630138,-1,0.46
engineering-blogs,2015-06-13 18:25:17,681,0,2025-03-02 21:14:49,Ruby,74,22,9.726027397260275,-1,0.7708333333333334
chatbox,2023-03-06 12:22:15,53,47,2025-03-02 21:30:52,TypeScript,96,4,1.9917808219178081,-1,0.96
siyuan,2020-08-30 09:21:35,406,746,2025-03-02 21:56:30,TypeScript,100,0,4.506849315068493,-1,1.0
harness,2014-02-07 07:54:44,1043,51,2025-03-02 19:16:23,Go,100,0,11.07123287671233,-1,1.0
cline,2024-07-06 07:28:10,183,50,2025-03-02 21:22:53,TypeScript,100,0,0.6547945205479452,-1,1.0
gpt-pilot,2023-08-16 11:56:07,395,0,2025-03-02 18:13:19,Python,82,18,1.5452054794520549,0,0.82
awesome-awesomeness,2014-07-08 05:44:19,197,0,2025-03-02 17:37:52,Ruby,52,16,10.657534246575343,0,0.7647058823529411
zsh-autosuggestions,2013-10-26 16:09:37,114,0,2025-03-02 15:30:34,Shell,100,0,11.356164383561644,0,1.0
material-design-lite,2015-01-14 22:01:33,655,14,2025-03-02 21:58:59,HTML,100,0,10.134246575342466,-1,1.0
portainer,2016-05-19 20:15:28,4777,138,2025-03-02 21:05:39,TypeScript,100,0,8.789041095890411,-1,1.0
polars,2020-05-13 19:45:33,10411,204,2025-03-02 19:53:38,Rust,100,0,4.802739726027397,-1,1.0
LLM101n,2024-05-27 00:23:38,0,0,2025-03-02 21:34:55,,0,0,0.7643835616438356,-1,
HEU_KMS_Activator,2019-06-23 00:49:35,0,40,2025-03-02 15:37:30,,15,85,5.695890410958904,0,0.15
crawl4ai,2024-05-09 09:48:50,48,0,2025-03-02 21:39:45,Python,100,0,0.8136986301369863,-1,1.0
How-To-Ask-Questions-The-Smart-Way,2015-03-28 16:52:40,98,0,2025-03-02 17:24:36,JavaScript,20,7,9.936986301369863,0,0.7407407407407407
shardeum,2024-04-16 22:37:25,190,0,2025-03-02 21:57:55,TypeScript,23,13,0.873972602739726,-1,0.6388888888888888
certbot,2014-11-12 02:52:20,3885,57,2025-03-02 18:48:01,Python,99,1,10.30958904109589,0,0.99
openpose,2017-04-24 14:06:31,174,15,2025-03-02 18:02:33,C++,100,0,7.86027397260274,0,1.0
run,2022-04-10 05:42:40,172,0,2025-03-02 14:04:29,,98,2,2.8958904109589043,0,0.98
beego,2012-02-29 02:32:08,1310,39,2025-03-02 18:35:15,Go,100,0,13.013698630136986,0,1.0
chatgpt-web,2023-02-09 03:21:37,159,43,2025-03-02 18:12:00,Vue,100,0,2.0602739726027397,0,1.0
vault,2015-02-25 00:15:59,19975,157,2025-03-02 17:50:21,Go,99,1,10.021917808219179,0,0.99
my-tv,2023-12-04 12:18:39,11,72,2025-03-02 14:20:26,C,95,5,1.2438356164383562,0,0.95
mattermost,2015-06-15 06:50:02,18074,718,2025-03-02 21:38:01,TypeScript,100,0,9.72054794520548,-1,1.0
swc,2017-12-22 11:40:14,5093,633,2025-03-02 18:21:08,Rust,100,0,7.197260273972603,0,1.0
selenium,2013-01-14 21:40:56,2580,102,2025-03-02 18:33:20,Java,100,0,12.134246575342466,0,1.0
modern-unix,2021-01-12 00:50:14,15,0,2025-03-02 17:33:16,,30,51,4.136986301369863,0,0.37037037037037035
AnotherRedisDesktopManager,2019-01-08 06:01:56,149,53,2025-03-02 19:28:43,JavaScript,100,0,6.1506849315068495,-1,1.0
android-open-project,2014-01-05 15:20:15,204,0,2025-03-02 18:32:19,,74,11,11.161643835616438,0,0.8705882352941177
RevokeMsgPatcher,2019-07-21 15:12:52,10,20,2025-03-02 18:45:10,C#,94,6,5.619178082191781,0,0.94
ControlNet,2023-02-01 02:43:30,5,0,2025-03-02 20:50:07,Python,47,53,2.0821917808219177,-1,0.47
bruno,2022-09-27 20:51:45,930,124,2025-03-02 18:26:29,JavaScript,88,12,2.4273972602739726,0,0.88
jax,2018-10-25 21:25:02,12214,119,2025-03-02 21:53:30,Python,99,1,6.353424657534247,-1,0.99
awesome-docker,2014-09-21 17:01:48,929,1,2025-03-02 21:20:40,,100,0,10.452054794520548,-1,1.0
graphql-engine,2018-06-18 07:57:36,2110,281,2025-03-02 21:03:44,TypeScript,100,0,6.7095890410958905,-1,1.0
awesome-php,2013-11-26 03:14:19,445,0,2025-03-02 21:13:10,,99,1,11.271232876712329,-1,0.99
detectron2,2019-09-05 21:30:20,0,10,2025-03-02 21:27:40,Python,96,4,5.49041095890411,-1,0.96
nps,2018-11-04 13:22:51,74,59,2025-03-02 18:35:19,Go,99,1,6.328767123287672,0,0.99
C-Plus-Plus,2016-07-16 10:19:45,667,0,2025-03-02 19:25:04,C++,100,0,8.632876712328768,-1,1.0
jq,2012-07-18 19:57:25,578,13,2025-03-02 21:13:06,C,98,2,12.627397260273973,-1,0.98
yew,2017-12-16 14:19:02,1744,35,2025-03-02 19:53:26,Rust,96,4,7.213698630136986,-1,0.96
ladybird,2024-05-30 09:18:10,2677,0,2025-03-02 21:59:54,C++,57,43,0.7561643835616438,-1,0.57
llvm-project,2016-12-07 09:39:33,38786,124,2025-03-02 21:14:19,LLVM,100,0,8.238356164383562,-1,1.0
serenity,2018-12-02 19:28:41,19193,0,2025-03-02 21:45:15,C++,94,6,6.249315068493151,-1,0.94
OpenVoice,2023-11-29 12:17:01,17,0,2025-03-02 21:54:04,Python,35,65,1.2575342465753425,-1,0.35
learnGitBranching,2012-08-13 22:36:09,589,0,2025-03-02 09:01:19,JavaScript,100,0,12.556164383561644,0,1.0
swr,2019-10-28 18:16:01,781,118,2025-03-02 17:29:32,TypeScript,100,0,5.347945205479452,0,1.0
fairseq,2017-08-29 16:26:12,233,16,2025-03-02 20:03:31,Python,100,0,7.512328767123288,-1,1.0
rxjs,2015-03-15 06:17:10,2588,2,2025-03-02 03:46:45,TypeScript,100,0,9.972602739726028,0,1.0
vimrc,2012-05-29 16:19:29,107,0,2025-03-02 20:32:09,Vim Script,100,0,12.767123287671232,-1,1.0
remote-jobs,2015-10-13 03:49:25,1250,0,2025-03-02 20:59:22,JavaScript,95,5,9.391780821917807,-1,0.95
spaCy,2014-07-03 15:15:40,3581,127,2025-03-02 21:55:37,Python,100,0,10.67123287671233,-1,1.0
html2canvas,2011-07-16 01:05:58,186,45,2025-03-02 12:46:00,TypeScript,100,0,13.638356164383561,0,1.0
HowToLiveLonger,2022-04-16 04:15:18,13,0,2025-03-02 14:53:38,,87,13,2.8794520547945206,0,0.87
ShareX,2013-10-08 23:32:10,744,80,2025-03-02 21:47:15,C#,100,0,11.402739726027397,-1,1.0
MS-DOS,2018-06-25 18:26:02,37,0,2025-03-02 19:43:11,Assembly,0,0,6.69041095890411,-1,
aseprite,2014-08-19 23:44:50,353,116,2025-03-02 18:47:00,C++,87,13,10.53972602739726,0,0.87
jQuery-File-Upload,2010-12-01 15:35:32,119,0,2025-03-01 01:05:54,PHP,100,0,14.26027397260274,1,1.0
lottie-web,2015-02-20 21:02:59,136,0,2025-03-02 06:42:08,JavaScript,100,0,10.032876712328767,0,1.0
nacos,2018-06-15 06:49:27,2951,76,2025-03-02 21:46:15,Java,97,3,6.717808219178083,-1,0.97
Blog,2017-03-13 10:04:33,3,0,2025-02-28 07:45:06,,40,60,7.975342465753425,2,0.4
pnpm,2016-01-28 07:40:43,2454,987,2025-03-02 18:42:40,TypeScript,100,0,9.098630136986301,0,1.0
pytorch-tutorial,2017-03-10 07:41:47,28,0,2025-03-02 20:25:26,Python,87,13,7.983561643835617,-1,0.87
remix,2020-10-26 19:57:28,3372,156,2025-03-02 18:17:01,TypeScript,100,0,4.347945205479452,0,1.0
outline,2016-05-22 21:31:47,2678,141,2025-03-02 20:18:12,TypeScript,100,0,8.780821917808218,-1,1.0
LocalAI,2023-03-18 22:58:02,3106,69,2025-03-02 20:06:11,Go,90,10,1.9561643835616438,-1,0.9
floating-ui,2016-03-29 17:00:47,1117,468,2025-03-02 21:47:26,TypeScript,100,0,8.931506849315069,-1,1.0
etcher,2015-10-27 16:53:23,1727,285,2025-03-02 19:54:50,TypeScript,97,3,9.353424657534246,-1,0.97
full-stack-fastapi-template,2019-02-23 15:08:34,377,10,2025-03-02 20:35:39,TypeScript,91,9,6.024657534246575,-1,0.91
WxJava,2016-01-06 08:24:05,988,30,2025-03-02 18:53:06,Java,100,0,9.158904109589042,0,1.0
dotfiles,2011-09-05 18:07:54,44,0,2025-03-02 21:56:25,Shell,75,25,13.498630136986302,-1,0.75
p3c,2017-06-23 06:15:51,62,0,2025-03-02 14:56:18,Kotlin,100,0,7.695890410958904,0,1.0
winutil,2022-04-28 02:25:19,767,17,2025-03-02 21:59:35,PowerShell,100,0,2.8465753424657536,-1,1.0
cockroach,2014-02-06 00:18:47,63264,0,2025-03-02 16:29:04,Go,100,0,11.073972602739726,0,1.0
echo,2015-03-01 17:43:01,586,108,2025-03-02 21:54:54,Go,100,0,10.01095890410959,-1,1.0
libpku,2018-11-22 13:33:06,22,0,2025-03-02 11:32:02,TeX,31,10,6.279452054794521,0,0.7560975609756098
v2ray-core,2019-04-15 10:05:54,867,101,2025-03-02 21:13:45,Go,100,0,5.884931506849315,-1,1.0
CyberChef,2016-11-28 10:34:07,476,447,2025-03-02 16:06:37,JavaScript,95,5,8.263013698630138,0,0.95
slate,2016-06-18 01:52:42,1878,186,2025-03-02 18:19:33,TypeScript,100,0,8.70958904109589,0,1.0
YesPlayMusic,2020-10-09 10:04:21,283,31,2025-03-02 21:50:50,Vue,98,2,4.397260273972603,-1,0.98
rufus,2011-11-19 19:12:05,1,81,2025-03-02 18:50:26,C,100,0,13.29041095890411,0,1.0
mmdetection,2018-08-22 07:06:06,2359,53,2025-03-02 20:04:22,Python,99,1,6.531506849315068,-1,0.99
spring-boot-examples,2016-11-05 05:32:33,7,0,2025-03-02 20:52:53,Java,96,4,8.326027397260274,-1,0.96
lede,2017-09-06 07:39:03,1985,6,2025-03-02 21:54:30,C,100,0,7.49041095890411,-1,1.0
linux-insides,2015-01-03 18:44:57,577,0,2025-03-02 15:32:44,Python,90,10,10.167123287671233,0,0.9
NeteaseCloudMusicApi,2016-06-22 11:58:03,292,0,2025-03-02 17:02:05,,100,0,8.698630136986301,0,1.0
chatbot-ui,2023-03-11 14:53:14,281,0,2025-03-02 20:43:01,TypeScript,100,0,1.978082191780822,-1,1.0
manim,2020-05-19 02:37:13,1833,29,2025-03-02 21:43:56,Python,96,4,4.789041095890411,-1,0.96
tabby,2023-03-16 09:18:01,2693,194,2025-03-02 21:51:44,Rust,98,2,1.9643835616438357,-1,0.98
awesome-cto,2016-12-16 19:22:18,12,0,2025-03-02 21:27:47,,9,2,8.210958904109589,-1,0.8181818181818182
Sortable,2013-12-19 10:10:13,246,30,2025-03-02 19:38:15,JavaScript,100,0,11.208219178082192,-1,1.0
calculator,2019-01-28 17:55:49,883,0,2025-03-02 19:38:58,C++,75,25,6.095890410958904,-1,0.75
qBittorrent,2012-02-04 09:37:46,3732,0,2025-03-02 17:23:17,C++,98,2,13.082191780821917,0,0.98
symfony,2010-01-04 14:21:21,23466,539,2025-03-02 21:35:48,PHP,100,0,15.167123287671233,-1,1.0
refine,2021-01-20 12:01:32,4313,1000,2025-03-02 16:58:14,TypeScript,100,0,4.115068493150685,0,1.0
HEAD,2016-04-20 20:05:37,86,0,2025-03-02 19:59:56,,73,20,8.868493150684932,-1,0.7849462365591398
bulletproof-react,2021-05-30 14:47:16,69,0,2025-03-02 18:45:44,TypeScript,72,28,3.758904109589041,0,0.72
layui,2015-09-22 08:12:03,534,136,2025-03-02 19:59:59,JavaScript,100,0,9.449315068493151,-1,1.0
go-zero,2020-08-07 15:37:57,2177,127,2025-03-02 18:19:37,Go,100,0,4.5698630136986305,0,1.0
Umi-OCR,2022-03-28 04:01:46,45,30,2025-03-02 21:19:23,Python,89,11,2.9315068493150687,-1,0.89
dokku,2013-06-08 10:26:57,3930,294,2025-03-02 21:46:18,Shell,100,0,11.73972602739726,-1,1.0
minikube,2016-04-15 22:38:35,8419,150,2025-03-02 20:54:21,Go,100,0,8.882191780821918,-1,1.0
sharp,2013-08-19 20:24:24,289,88,2025-03-02 21:59:31,JavaScript,99,1,11.53972602739726,-1,0.99
webtorrent,2013-10-15 08:16:40,934,210,2025-03-02 19:29:30,JavaScript,99,1,11.386301369863014,-1,0.99
interactive-coding-challenges,2015-04-28 21:36:39,176,0,2025-03-02 21:14:02,Python,32,36,9.849315068493151,-1,0.47058823529411764
jsPDF,2009-12-06 14:56:32,713,34,2025-03-02 21:01:30,JavaScript,99,1,15.246575342465754,-1,0.99
mpv,2012-10-13 08:08:44,3290,86,2025-03-02 20:52:03,C,100,0,12.391780821917807,-1,1.0
Real-ESRGAN,2021-07-19 03:23:30,21,10,2025-03-02 21:36:40,Python,55,45,3.621917808219178,-1,0.55
stanford_alpaca,2023-03-10 23:33:09,6,0,2025-03-02 18:44:38,Python,59,41,1.978082191780822,0,0.59
lossless-cut,2016-10-30 10:49:56,192,99,2025-03-02 20:18:08,TypeScript,99,1,8.342465753424657,-1,0.99
bubbletea,2020-01-10 21:04:03,574,56,2025-03-02 21:33:24,Go,93,7,5.142465753424657,-1,0.93
Reactive-Resume,2020-03-25 14:08:22,633,95,2025-03-02 21:07:30,TypeScript,100,0,4.93972602739726,-1,1.0
sequelize,2010-07-22 07:11:11,4848,484,2025-03-02 18:37:51,TypeScript,99,1,14.621917808219179,0,0.99
vue-cli,2015-12-26 23:11:20,1258,177,2025-03-01 20:24:46,JavaScript,100,0,9.186301369863013,0,1.0
foundation-sites,2011-10-13 23:05:42,2958,79,2025-03-02 12:27:17,HTML,100,0,13.391780821917807,0,1.0
fabric.js,2010-06-09 22:24:38,2223,165,2025-03-02 18:15:34,JavaScript,100,0,14.736986301369862,0,1.0
fabric,2024-01-03 23:18:31,268,102,2025-03-02 19:01:53,Go,95,5,1.158904109589041,0,0.95
editor.js,2015-11-28 20:56:35,860,100,2025-03-02 21:58:09,TypeScript,100,0,9.263013698630138,-1,1.0
stats,2019-05-29 19:24:56,402,285,2025-03-02 21:56:34,Swift,100,0,5.761643835616439,-1,1.0
AI-Expert-Roadmap,2020-10-24 21:49:40,13,0,2025-03-02 18:06:24,JavaScript,46,19,4.353424657534247,0,0.7076923076923077
influxdb,2013-09-26 14:31:10,10281,87,2025-03-02 20:42:45,Rust,100,0,11.438356164383562,-1,1.0
leakcanary,2015-04-29 23:54:16,919,43,2025-03-02 14:34:02,Kotlin,100,0,9.846575342465753,0,1.0
hutool,2014-04-13 07:23:51,424,149,2025-03-02 20:10:49,Java,100,0,10.893150684931507,-1,1.0
servo,2012-02-08 19:07:25,18634,0,2025-03-02 21:33:11,Rust,100,0,13.068493150684931,-1,1.0
kafka,2011-08-15 18:06:16,10752,0,2025-03-02 20:16:54,Java,0,0,13.556164383561644,-1,
uppy,2015-11-16 12:32:33,2966,133,2025-03-02 18:53:22,TypeScript,100,0,9.2986301369863,0,1.0
project-guidelines,2017-06-30 10:17:55,114,0,2025-03-01 13:50:04,JavaScript,29,9,7.676712328767123,1,0.7631578947368421
netron,2010-12-26 12:53:43,1,4,2025-03-02 21:55:43,JavaScript,98,2,14.191780821917808,-1,0.98
react-boilerplate,2015-02-18 14:36:32,715,16,2025-03-02 15:07:44,JavaScript,100,0,10.04109589041096,0,1.0
phantomjs,2010-12-27 08:18:58,562,0,2025-03-02 18:34:56,C++,100,0,14.189041095890412,0,1.0
comprehensive-rust,2022-12-21 15:17:24,2040,0,2025-03-02 19:43:02,Rust,67,33,2.197260273972603,-1,0.67
OpenAPI-Specification,2014-03-03 16:53:36,1263,12,2025-03-02 20:18:38,Markdown,99,1,11.005479452054795,-1,0.99
backstage,2020-01-24 22:39:49,17757,407,2025-03-02 19:43:31,TypeScript,100,0,5.104109589041096,-1,1.0
500lines,2013-11-04 02:02:53,175,0,2025-03-01 11:39:56,JavaScript,39,31,11.331506849315069,1,0.5571428571428572
directus,2012-12-12 01:35:36,7762,329,2025-03-02 21:16:47,TypeScript,100,0,12.227397260273973,-1,1.0
Mr.-Ranedeer-AI-Tutor,2023-03-31 12:37:26,19,3,2025-03-02 19:23:49,,34,13,1.9232876712328768,-1,0.723404255319149
roop,2023-05-28 14:37:54,82,6,2025-03-02 21:43:06,Python,0,0,1.7643835616438357,-1,
ruoyi-vue-pro,2021-01-24 03:18:25,55,34,2025-03-02 16:00:28,Java,100,0,4.104109589041096,0,1.0
tqdm,2015-06-03 13:13:14,287,131,2025-03-02 21:59:16,Python,93,7,9.753424657534246,-1,0.93
particles.js,2014-09-06 14:29:47,21,6,2025-03-02 10:06:24,JavaScript,37,63,10.493150684931507,0,0.37
apollo,2016-03-04 10:24:23,1421,41,2025-03-02 13:48:53,Java,99,1,9.0,0,0.99
GPTs,2023-11-11 03:24:16,45,0,2025-03-02 21:12:45,,21,6,1.3068493150684932,-1,0.7777777777777778
Hover,2014-01-02 14:27:35,23,10,2025-03-01 03:26:00,SCSS,81,19,11.169863013698631,1,0.81
awesome-macos-command-line,2015-09-22 19:37:55,104,0,2025-03-02 19:42:15,,0,0,9.446575342465753,-1,
standard,2015-01-27 01:23:31,412,7,2025-03-02 16:06:45,JavaScript,100,0,10.101369863013698,0,1.0
paper-reading,2021-10-22 06:34:51,14,0,2025-03-02 16:51:40,,0,0,3.361643835616438,0,
es6features,2014-03-03 18:29:30,41,0,2025-03-01 18:20:19,,36,21,11.005479452054795,1,0.631578947368421
rocksdb,2012-11-30 06:16:18,606,200,2025-03-02 16:08:23,C++,100,0,12.26027397260274,0,1.0
algo,2016-05-15 03:42:48,530,2,2025-03-02 20:10:07,Jinja,96,4,8.802739726027397,-1,0.96
data-engineering-zoomcamp,2021-10-21 09:32:50,380,0,2025-03-02 21:44:56,Jupyter Notebook,100,0,3.3643835616438356,-1,1.0
alpine,2019-11-28 13:51:55,655,136,2025-03-02 21:08:47,HTML,100,0,5.263013698630137,-1,1.0
awesome-python-cn,2015-11-03 09:50:50,51,0,2025-03-02 16:18:26,Makefile,18,13,9.334246575342465,0,0.5806451612903226
MonitorControl,2017-09-16 21:13:40,213,26,2025-03-02 20:47:39,Swift,100,0,7.46027397260274,-1,1.0
cheerio,2011-10-09 04:23:20,2620,58,2025-03-02 18:55:07,TypeScript,100,0,13.405479452054795,0,1.0
COVID-19,2020-02-04 22:03:53,2152,0,2025-03-02 14:06:04,,73,27,5.073972602739726,0,0.73
pytorch-lightning,2019-03-31 00:45:57,8833,163,2025-03-02 21:55:42,Python,100,0,5.926027397260274,-1,1.0
folly,2012-06-01 20:49:04,12,229,2025-03-02 13:00:09,C++,100,0,12.756164383561643,0,1.0
tiptap,2018-08-20 19:58:58,1031,850,2025-03-02 21:52:45,TypeScript,100,0,6.534246575342466,-1,1.0
puter,2024-03-03 01:44:32,476,8,2025-03-02 22:00:10,JavaScript,87,13,0.9972602739726028,-1,0.87
CheatSheetSeries,2018-12-21 14:26:43,1000,0,2025-03-02 17:06:15,Python,100,0,6.2,0,1.0
weekly,2017-03-20 06:10:04,136,193,2025-03-02 15:24:24,JavaScript,99,1,7.956164383561644,0,0.99
swift-algorithm-club,2016-01-26 17:56:12,610,0,2025-03-02 17:44:28,Swift,100,0,9.104109589041096,0,1.0
numpy,2010-09-13 23:02:39,12415,125,2025-03-02 21:25:36,Python,98,2,14.473972602739726,-1,0.98
Data-Science-For-Beginners,2021-03-03 16:30:15,293,0,2025-03-02 21:44:23,Jupyter Notebook,86,14,4.0,-1,0.86
k3s,2018-05-31 01:37:46,3748,834,2025-03-02 21:46:20,Go,99,1,6.758904109589041,-1,0.99
django-rest-framework,2011-03-02 17:13:56,2978,19,2025-03-02 20:35:39,Python,0,0,14.01095890410959,-1,
composer,2011-06-08 08:53:00,2898,210,2025-03-02 17:21:54,PHP,100,0,13.742465753424657,0,1.0
canal,2013-01-13 10:59:52,463,32,2025-03-02 07:35:51,Java,97,3,12.139726027397261,0,0.97
docsify,2016-11-20 07:55:43,692,14,2025-03-02 15:45:11,JavaScript,100,0,8.284931506849315,0,1.0
croc,2017-10-17 15:20:18,228,172,2025-03-02 16:25:23,Go,100,0,7.3780821917808215,0,1.0
css-protips,2015-08-29 12:29:03,70,0,2025-03-02 18:09:41,,59,1,9.515068493150684,0,0.9833333333333333
surrealdb,2021-12-09 15:03:29,1831,66,2025-03-02 16:35:09,Rust,85,15,3.23013698630137,0,0.85
mediapipe,2019-06-13 19:16:41,201,59,2025-03-02 14:34:04,C++,100,0,5.720547945205479,0,1.0
cobalt,2022-07-08 18:12:55,201,0,2025-03-02 21:49:07,Svelte,93,7,2.652054794520548,-1,0.93
lux,2018-02-24 11:29:03,296,86,2025-03-02 19:19:47,Go,90,10,7.021917808219178,-1,0.9
CasaOS,2021-09-26 02:33:09,267,96,2025-03-02 20:45:39,Go,96,4,3.4328767123287673,-1,0.96
k9s,2019-01-25 18:46:02,742,233,2025-03-02 18:35:30,Go,99,1,6.104109589041096,0,0.99
server,2016-06-02 07:44:14,25944,309,2025-03-02 21:55:34,PHP,100,0,8.753424657534246,-1,1.0
lighthouse,2016-03-08 01:03:11,5325,117,2025-03-02 16:17:53,JavaScript,99,1,8.98904109589041,0,0.99
todomvc,2011-06-03 19:56:33,760,6,2025-03-02 12:53:32,JavaScript,100,0,13.753424657534246,0,1.0
consul,2013-11-04 22:15:27,13524,199,2025-03-02 12:54:16,Go,100,0,11.32876712328767,0,1.0
Hello-Python,2022-08-03 17:14:53,0,0,2025-03-02 21:08:50,Python,86,14,2.580821917808219,-1,0.86
fish-shell,2012-05-10 03:00:55,2010,46,2025-03-02 21:48:44,Rust,98,2,12.819178082191781,-1,0.98
python-guide,2011-03-15 03:24:20,683,0,2025-03-02 21:08:10,Batchfile,78,22,13.975342465753425,-1,0.78
postcss,2013-09-24 23:06:48,745,265,2025-03-02 18:19:40,TypeScript,100,0,11.441095890410958,0,1.0
SpringAll,2018-05-02 02:48:44,1,0,2025-03-02 15:04:59,Java,27,21,6.838356164383562,0,0.5625
slick,2014-03-24 02:10:05,249,48,2025-03-02 13:03:34,JavaScript,99,1,10.947945205479453,0,0.99
linkedin-skill-assessments-quizzes,2019-07-13 19:52:56,5638,1,2025-03-02 21:50:38,,100,0,5.638356164383562,-1,1.0
react-spring,2018-03-07 15:39:32,429,50,2025-03-02 20:38:05,TypeScript,99,1,6.991780821917808,-1,0.99
handson-ml2,2019-01-08 03:49:07,64,0,2025-03-02 16:16:52,Jupyter Notebook,88,12,6.1506849315068495,0,0.88
vuex,2015-07-16 04:21:26,656,51,2025-03-02 11:05:13,JavaScript,100,0,9.635616438356164,0,1.0
aider,2023-05-09 18:57:49,188,81,2025-03-02 21:28:35,Python,98,2,1.8164383561643835,-1,0.98
Free-Certifications,2020-07-31 10:26:19,115,0,2025-03-02 17:37:34,,67,29,4.589041095890411,0,0.6979166666666666
llama3,2024-03-15 17:57:00,24,0,2025-03-02 18:00:04,Python,45,55,0.9643835616438357,0,0.45
machine-learning-for-software-engineers,2016-10-09 21:20:25,60,0,2025-03-02 20:32:05,,9,17,8.397260273972602,-1,0.34615384615384615
xxl-job,2015-11-28 12:59:34,109,36,2025-03-02 20:53:01,Java,99,1,9.265753424657534,-1,0.99
plyr,2015-02-14 11:33:07,384,88,2025-03-02 08:37:05,JavaScript,91,9,10.052054794520547,0,0.91
android_guides,2013-06-19 10:24:45,10,0,2025-03-02 14:34:06,,79,21,11.70958904109589,0,0.79
Clone-Wars,2020-12-02 11:10:16,130,0,2025-03-02 20:51:30,,70,11,4.249315068493151,-1,0.8641975308641975
UTM,2019-04-12 16:09:24,249,118,2025-03-02 20:21:51,Swift,95,5,5.8931506849315065,-1,0.95
react-three-fiber,2019-02-25 14:31:51,634,119,2025-03-02 21:54:30,TypeScript,100,0,6.019178082191781,-1,1.0
spring-cloud-alibaba,2017-12-01 20:49:15,1063,47,2025-03-02 20:53:04,Java,99,1,7.252054794520548,-1,0.99
async,2010-06-01 21:01:30,554,7,2025-02-28 13:44:15,JavaScript,100,0,14.758904109589041,2,1.0
trilium,2017-05-23 00:30:20,250,297,2025-03-02 21:51:38,JavaScript,93,7,7.780821917808219,-1,0.93
tinygrad,2020-10-18 16:23:12,6175,11,2025-03-02 21:36:44,Python,100,0,4.372602739726028,-1,1.0
JavaScript30,2016-12-07 19:15:31,153,0,2025-03-02 14:08:42,HTML,0,0,8.235616438356164,0,
the-super-tiny-compiler,2016-03-11 04:19:18,20,0,2025-03-02 16:26:07,JavaScript,0,0,8.98082191780822,0,
DevToys,2021-09-29 01:40:41,498,38,2025-03-02 21:13:58,C#,90,10,3.4246575342465753,-1,0.9
immer,2017-12-29 12:25:47,374,109,2025-03-02 18:15:26,JavaScript,100,0,7.178082191780822,0,1.0
cursor,2023-03-12 00:19:42,46,0,2025-03-02 19:57:03,,99,1,1.9753424657534246,-1,0.99
backbone,2010-09-30 19:41:28,880,0,2025-03-02 12:53:19,JavaScript,100,0,14.427397260273972,0,1.0
druid,2011-11-03 05:12:51,1453,51,2025-03-02 13:42:53,Java,100,0,13.336986301369864,0,1.0
tuning_playbook,2023-01-18 23:32:32,14,0,2025-03-02 17:11:44,,34,9,2.117808219178082,0,0.7906976744186046
ChatGPT,2022-12-03 14:35:24,294,277,2025-03-02 21:49:58,Python,100,0,2.2465753424657535,-1,1.0
Complete-Python-3-Bootcamp,2018-02-12 19:30:10,12,0,2025-03-02 21:22:35,Jupyter Notebook,73,27,7.052054794520548,-1,0.73
tokio,2016-09-09 22:31:36,3447,126,2025-03-02 20:00:32,Rust,100,0,8.479452054794521,-1,1.0
filebrowser,2015-09-11 21:21:58,526,62,2025-03-02 19:08:38,Go,100,0,9.476712328767123,-1,1.0
stb,2014-05-25 16:51:23,285,0,2025-03-02 19:42:03,C,98,2,10.778082191780822,-1,0.98
nginxconfig.io,2018-01-05 14:21:14,191,0,2025-03-02 18:53:30,JavaScript,89,11,7.158904109589041,0,0.89
xyflow,2019-07-15 14:47:30,1254,297,2025-03-02 21:31:54,TypeScript,100,0,5.635616438356164,-1,1.0
data-science-ipython-notebooks,2015-01-23 19:38:29,31,0,2025-03-02 20:22:52,Python,22,19,10.10958904109589,-1,0.5365853658536586
GPT_API_free,2023-04-23 12:42:08,1,0,2025-03-02 19:23:08,Python,100,0,1.8602739726027397,-1,1.0
viper,2014-04-02 14:33:33,487,32,2025-03-02 15:52:39,Go,77,23,10.923287671232877,0,0.77
reverse-interview,2019-09-08 13:38:40,75,0,2025-03-01 21:27:48,,18,7,5.484931506849315,0,0.72
mantine,2021-01-07 14:02:19,1370,253,2025-03-02 20:41:13,TypeScript,100,0,4.1506849315068495,-1,1.0
os-tutorial,2014-09-29 08:39:34,11,0,2025-03-02 20:02:34,C,65,35,10.43013698630137,-1,0.65
medusa,2020-01-18 13:39:04,6646,114,2025-03-02 19:17:13,TypeScript,100,0,5.123287671232877,-1,1.0
xstate,2015-09-14 15:04:15,1910,401,2025-03-02 20:27:49,TypeScript,100,0,9.471232876712328,-1,1.0
glances,2011-12-04 08:49:15,711,49,2025-03-02 17:37:29,Python,100,0,13.252054794520548,0,1.0
react-select,2014-08-26 04:27:45,1051,59,2025-03-02 17:46:23,TypeScript,100,0,10.523287671232877,0,1.0
jan,2023-08-17 02:17:10,1998,73,2025-03-02 21:38:29,TypeScript,100,0,1.5424657534246575,-1,1.0
restic,2014-04-27 14:07:58,2127,47,2025-03-02 21:20:44,Go,98,2,10.854794520547944,-1,0.98
applied-ml,2020-07-04 18:57:47,208,0,2025-03-02 19:50:15,,22,2,4.663013698630137,-1,0.9166666666666666
diffusers,2022-05-30 16:04:02,4371,81,2025-03-02 18:53:33,Python,99,1,2.758904109589041,0,0.99
waifu2x,2015-05-17 07:29:15,68,3,2025-03-02 12:13:03,Lua,76,24,9.8,0,0.76
Charts,2015-03-20 10:49:12,418,38,2025-03-02 08:20:56,Swift,95,5,9.95890410958904,0,0.95
mobx,2015-03-14 14:31:38,1143,112,2025-03-02 12:33:00,TypeScript,100,0,9.975342465753425,0,1.0
DeepFaceLive,2020-12-15 12:19:22,13,35,2025-03-02 15:52:10,Python,99,1,4.213698630136986,0,0.99
ink,2017-06-12 06:12:28,214,54,2025-03-02 13:42:19,TypeScript,97,3,7.726027397260274,0,0.97
90DaysOfDevOps,2021-12-26 13:55:18,357,2,2025-03-02 21:46:25,Shell,80,9,3.1835616438356165,-1,0.898876404494382
vnpy,2015-03-02 03:36:58,1043,62,2025-03-02 16:33:16,Python,100,0,10.008219178082191,0,1.0
firecrawl,2024-04-15 21:02:29,464,12,2025-03-02 21:57:26,TypeScript,100,0,0.8767123287671232,-1,1.0
ghostty,2022-03-29 17:38:26,2036,1,2025-03-02 21:56:42,Zig,98,2,2.9287671232876713,-1,0.98
CLIP,2020-12-16 11:24:42,28,0,2025-03-02 18:55:47,Jupyter Notebook,91,9,4.210958904109589,0,0.91
vhr,2018-01-04 08:57:51,1,0,2025-03-02 16:52:11,Java,62,38,7.161643835616438,0,0.62
gitbook,2014-03-31 03:01:56,760,25,2025-03-02 20:30:40,TypeScript,100,0,10.92876712328767,-1,1.0
hosts,2012-04-12 20:22:50,476,732,2025-03-02 20:11:33,Python,99,1,12.893150684931507,-1,0.99
crewAI,2023-10-27 03:26:59,593,76,2025-03-02 20:52:19,Python,100,0,1.347945205479452,-1,1.0
textual,2021-04-08 15:24:47,2024,167,2025-03-02 20:37:20,Python,100,0,3.9013698630136986,-1,1.0
helm,2015-10-06 01:07:32,3869,204,2025-03-02 21:46:39,Go,100,0,9.41095890410959,-1,1.0
yapi,2016-05-30 09:09:09,141,1,2025-03-02 17:02:08,JavaScript,97,3,8.761643835616438,0,0.97
it-tools,2020-04-05 11:50:24,489,10,2025-03-02 21:58:01,Vue,70,30,4.909589041095891,-1,0.7
motion,2018-11-16 09:48:38,971,0,2025-03-02 13:21:27,TypeScript,100,0,6.295890410958904,0,1.0
ResumeSample,2014-09-08 08:08:13,2,0,2025-03-02 07:26:02,,0,0,10.487671232876712,0,
Retrieval-based-Voice-Conversion-WebUI,2023-03-27 09:59:10,477,7,2025-03-02 19:51:37,Python,92,8,1.9342465753424658,-1,0.92
Daily-Interview-Question,2019-01-19 10:49:00,15,0,2025-03-02 15:13:52,JavaScript,36,64,6.120547945205479,0,0.36
python-fire,2017-02-21 21:35:07,118,11,2025-03-02 21:16:03,Python,81,19,8.027397260273972,-1,0.81
Xray-core,2020-11-09 11:23:10,857,78,2025-03-02 19:24:58,Go,100,0,4.3123287671232875,-1,1.0
underscore,2009-10-25 18:31:06,746,0,2025-03-02 14:54:09,JavaScript,100,0,15.361643835616439,0,1.0
Jobs_Applier_AI_Agent_AIHawk,2024-08-04 12:15:06,185,0,2025-03-02 19:23:07,Python,100,0,0.5753424657534246,-1,1.0
Python-programming-exercises,2012-06-14 07:56:46,0,0,2025-03-02 21:20:10,,17,68,12.723287671232876,-1,0.2
dragonfly,2021-12-11 10:00:42,2760,91,2025-03-02 19:29:23,C++,97,3,3.2246575342465755,-1,0.97
TrackersListCollection,2019-10-03 15:55:07,5,0,2025-03-02 21:33:33,,0,0,5.416438356164384,-1,
aos,2015-07-09 17:49:00,38,0,2025-03-02 06:42:01,JavaScript,100,0,9.654794520547945,0,1.0
mindsdb,2018-08-02 17:56:45,4821,284,2025-03-02 19:20:00,Python,100,0,6.586301369863014,-1,1.0
weui,2014-12-18 04:09:54,203,51,2025-03-02 13:37:32,HTML,100,0,10.210958904109589,0,1.0
awesome-sysadmin,2014-12-23 08:41:22,317,0,2025-03-02 21:13:18,,86,13,10.197260273972603,-1,0.8686868686868687
AdGuardHome,2016-07-06 10:31:47,123,195,2025-03-02 21:49:14,Go,97,3,8.66027397260274,-1,0.97
Probabilistic-Programming-and-Bayesian-Methods-for-Hackers,2013-01-14 15:46:28,243,0,2025-03-02 21:37:28,Jupyter Notebook,51,49,12.136986301369863,-1,0.51
dnSpy,2015-07-01 16:05:10,53,1,2025-03-02 18:31:12,C#,0,0,9.676712328767124,0,
firecracker,2017-10-19 06:18:47,2924,75,2025-03-02 20:57:58,Rust,100,0,7.372602739726028,-1,1.0
mongoose,2010-04-06 21:39:05,3255,178,2025-03-02 15:04:27,JavaScript,100,0,14.912328767123288,0,1.0
JCSprout,2017-12-17 09:06:50,69,0,2025-03-02 18:07:45,Java,59,30,7.210958904109589,0,0.6629213483146067
turborepo,2021-10-05 17:37:11,5792,467,2025-03-02 19:37:26,Rust,100,0,3.408219178082192,-1,1.0
commander.js,2011-08-14 21:33:58,784,82,2025-03-02 21:56:42,JavaScript,100,0,13.556164383561644,-1,1.0
Tvlist-awesome-m3u-m3u8,2017-02-18 03:59:25,1,0,2025-03-02 21:13:32,,47,23,8.038356164383561,-1,0.6714285714285714
Web,2017-01-03 11:44:33,0,0,2025-03-02 17:39:03,,85,15,8.164383561643836,0,0.85
python-telegram-bot,2015-07-07 15:30:39,1544,123,2025-03-02 18:56:18,Python,100,0,9.66027397260274,0,1.0
tdesktop,2014-05-02 12:36:31,1637,770,2025-03-02 21:58:02,C++,99,1,10.841095890410958,-1,0.99
swagger-ui,2011-07-15 22:56:39,3212,352,2025-03-02 18:53:35,JavaScript,100,0,13.638356164383561,0,1.0
wails,2018-12-15 23:14:06,1386,228,2025-03-02 20:54:11,Go,100,0,6.213698630136986,-1,1.0
anoma,2021-02-02 10:00:16,720,7,2025-03-02 20:27:35,Elixir,100,0,4.079452054794521,-1,1.0
redash,2013-10-28 13:19:39,3226,99,2025-03-02 12:27:55,Python,85,15,11.35068493150685,0,0.85
MinerU,2024-02-29 08:52:34,618,92,2025-03-02 20:23:19,Python,99,1,1.0054794520547945,-1,0.99
codemirror5,2011-01-14 13:44:03,594,173,2025-03-02 19:50:34,JavaScript,100,0,14.139726027397261,-1,1.0
duckdb,2018-06-26 15:04:45,7178,46,2025-03-02 21:41:09,C++,99,1,6.6876712328767125,-1,0.99
legacy-homebrew,2009-05-20 19:38:37,222,0,2025-03-02 08:06:09,,100,0,15.791780821917808,0,1.0
Avalonia,2013-12-05 20:13:21,5108,99,2025-03-02 18:41:05,C#,100,0,11.243835616438357,0,1.0
coder2gwy,2020-12-30 14:40:50,2,0,2025-03-02 15:56:10,,19,81,4.1726027397260275,0,0.19
vue-vben-admin,2020-07-11 02:29:21,1436,54,2025-03-02 18:24:48,Vue,100,0,4.6438356164383565,0,1.0
ace,2010-10-27 10:43:36,1857,98,2025-03-02 14:33:53,JavaScript,99,1,14.356164383561644,0,0.99
rust-course,2018-08-07 05:01:21,749,0,2025-03-02 16:35:50,Rust,88,12,6.572602739726028,0,0.88
headlessui,2020-09-16 09:53:09,590,120,2025-03-02 19:55:01,TypeScript,100,0,4.46027397260274,-1,1.0
rethinkdb,2012-10-30 05:37:47,460,72,2025-03-02 13:05:37,C++,99,1,12.345205479452055,0,0.99
k6,2016-03-21 15:30:24,1926,68,2025-03-02 20:52:00,Go,100,0,8.953424657534246,-1,1.0
data-engineer-handbook,2023-11-19 19:47:41,141,0,2025-03-02 19:34:30,Jupyter Notebook,35,10,1.2821917808219179,-1,0.7777777777777778
angular-cli,2015-06-04 19:49:37,11088,797,2025-03-02 16:07:04,TypeScript,100,0,9.747945205479452,0,1.0
kit,2015-02-03 00:01:19,479,13,2025-03-02 20:55:13,Go,99,1,10.082191780821917,-1,0.99
taichi,2016-11-24 10:00:05,5158,117,2025-03-02 08:54:33,C++,100,0,8.273972602739725,0,1.0
mongo,2009-01-15 16:15:18,125,0,2025-03-02 16:00:11,C++,0,0,16.136986301369863,0,
openssl,2013-01-15 22:34:48,144,274,2025-03-02 21:32:45,C,100,0,12.131506849315068,-1,1.0
Faker,2011-10-14 22:49:02,823,12,2025-03-02 12:15:56,PHP,99,1,13.389041095890411,0,0.99
gitflow,2010-01-20 23:14:12,36,0,2025-03-02 13:00:24,Shell,69,31,15.12054794520548,0,0.69
hangzhou_house_knowledge,2018-02-24 01:54:18,6,0,2025-03-02 11:13:53,CSS,47,53,7.021917808219178,0,0.47
fastai,2017-09-09 17:43:36,1684,55,2025-03-02 18:09:04,Jupyter Notebook,100,0,7.482191780821918,0,1.0
twenty,2022-12-01 13:04:40,5157,32,2025-03-02 21:59:05,TypeScript,100,0,2.252054794520548,-1,1.0
xgboost,2014-02-06 17:28:03,4700,63,2025-03-02 13:56:56,C++,100,0,11.073972602739726,0,1.0
drizzle-orm,2021-06-24 09:03:05,567,130,2025-03-02 21:51:13,TypeScript,86,14,3.6904109589041094,-1,0.86
so-vits-svc,2023-03-10 09:31:09,153,0,2025-03-02 17:51:22,Python,88,12,1.9808219178082191,0,0.88
react-virtualized,2015-11-03 00:48:07,454,6,2025-03-02 18:59:17,JavaScript,100,0,9.334246575342465,0,1.0
Rectangle,2019-06-21 21:34:53,252,89,2025-03-02 19:03:07,Swift,99,1,5.698630136986301,0,0.99
vagrant,2010-01-21 08:34:27,2712,134,2025-03-02 21:13:01,Ruby,100,0,15.12054794520548,-1,1.0
30-Days-Of-React,2020-09-29 13:38:54,10,0,2025-03-02 20:00:02,JavaScript,18,59,4.424657534246576,-1,0.23376623376623376
cascadia-code,2019-07-10 22:50:20,84,20,2025-03-02 21:56:10,Python,94,6,5.646575342465753,-1,0.94
vscodium,2018-08-13 14:26:58,486,212,2025-03-02 19:13:48,Shell,100,0,6.556164383561644,-1,1.0
khoj,2021-08-16 01:48:44,446,127,2025-03-02 20:57:58,Python,97,3,3.5452054794520547,-1,0.97
create-t3-app,2022-05-24 13:31:01,1087,135,2025-03-02 19:15:37,TypeScript,100,0,2.7753424657534245,-1,1.0
kitty,2016-10-16 14:48:28,1080,121,2025-03-02 21:28:47,Python,100,0,8.38082191780822,-1,1.0
nodemon,2010-10-03 12:50:52,308,102,2025-03-02 18:53:44,JavaScript,100,0,14.421917808219177,0,1.0
spleeter,2019-09-26 15:40:46,51,2,2025-03-02 19:10:58,Python,98,2,5.435616438356164,-1,0.98
srs,2015-04-29 06:59:32,465,66,2025-03-02 15:50:59,C++,100,0,9.849315068493151,0,1.0
GoodbyeDPI,2017-05-16 18:48:52,24,30,2025-03-02 21:13:34,C,83,17,7.8,-1,0.83
the_silver_searcher,2011-11-19 19:50:47,399,0,2025-03-02 12:45:14,C,84,16,13.29041095890411,0,0.84
ChatDev,2023-08-28 02:18:13,110,9,2025-03-02 18:02:17,Python,99,1,1.5123287671232877,0,0.99
quasar,2015-10-05 15:45:36,3643,992,2025-03-02 16:44:40,JavaScript,100,0,9.413698630136986,0,1.0
Detectron,2017-10-05 17:32:00,0,0,2025-03-02 20:09:01,Python,84,16,7.410958904109589,-1,0.84
miaosha,2018-09-14 04:36:24,20,0,2025-03-01 17:51:50,Java,80,2,6.468493150684932,1,0.975609756097561
nprogress,2013-08-20 13:58:02,34,7,2025-03-02 14:56:32,JavaScript,37,63,11.53972602739726,0,0.37
emscripten,2011-02-12 05:23:30,11608,0,2025-03-02 21:21:39,C++,99,1,14.06027397260274,-1,0.99
cmder,2013-07-09 07:44:22,430,34,2025-03-01 18:14:16,C++,100,0,11.654794520547945,1,1.0
ExplorerPatcher,2021-08-09 14:17:24,15,287,2025-03-02 20:38:32,C,100,0,3.5643835616438357,-1,1.0
Signal-Android,2011-12-15 20:01:12,238,82,2025-03-02 21:56:49,Kotlin,100,0,13.219178082191782,-1,1.0
jumpserver,2014-07-04 03:54:59,7038,240,2025-03-02 21:58:03,Python,100,0,10.668493150684931,-1,1.0
awesome-electron,2015-04-23 11:48:53,268,0,2025-03-02 15:15:50,,42,2,9.865753424657534,0,0.9545454545454546
nginx,2015-06-23 10:26:27,57,4,2025-03-02 20:10:52,C,65,35,9.698630136986301,-1,0.65
next-auth,2018-01-27 12:28:16,2182,1000,2025-03-02 20:11:15,TypeScript,100,0,7.098630136986301,-1,1.0
fastText,2016-07-16 13:38:42,12,4,2025-03-02 20:23:17,HTML,98,2,8.632876712328768,-1,0.98
lottie-ios,2016-10-06 22:38:38,719,69,2025-03-02 20:21:56,Swift,100,0,8.405479452054795,-1,1.0
awesome-vscode,2016-02-07 23:02:45,243,0,2025-03-02 15:44:20,JavaScript,26,24,9.068493150684931,0,0.52
darknet,2014-04-11 07:59:16,10,0,2025-03-02 20:48:41,C,27,73,10.898630136986302,-1,0.27
supervision,2022-11-28 14:08:44,886,31,2025-03-02 21:45:20,Python,96,4,2.26027397260274,-1,0.96
DeepSpeech,2016-06-02 15:04:53,1338,105,2025-03-02 20:03:17,C++,100,0,8.753424657534246,-1,1.0
ItChat,2016-01-19 07:49:48,29,13,2025-03-02 17:02:11,Python,99,1,9.123287671232877,0,0.99
hacker-laws,2018-01-25 03:46:34,181,1,2025-03-02 15:50:49,Shell,40,60,7.104109589041096,0,0.4
select2,2012-03-04 18:43:12,713,29,2025-03-02 18:53:52,JavaScript,100,0,13.002739726027396,0,1.0
go-patterns,2015-12-14 22:05:06,10,0,2025-03-02 21:13:24,Go,13,17,9.219178082191782,-1,0.43333333333333335
fonts,2012-12-19 13:31:50,75,1,2025-03-02 10:38:43,Shell,36,64,12.208219178082192,0,0.36
table,2016-10-20 17:25:08,960,267,2025-03-02 13:09:00,TypeScript,100,0,8.36986301369863,0,1.0
refined-github,2016-02-15 16:45:02,3319,167,2025-03-02 15:28:04,TypeScript,100,0,9.04931506849315,0,1.0
llm.c,2024-04-08 16:58:11,310,0,2025-03-02 21:36:25,Cuda,48,52,0.8986301369863013,-1,0.48
everyone-can-use-english,2019-03-15 16:33:53,456,47,2025-03-02 16:22:51,TypeScript,91,9,5.96986301369863,0,0.91
fyne,2018-02-04 22:07:16,1889,49,2025-03-02 16:54:54,Go,94,6,7.073972602739726,0,0.94
setup-ipsec-vpn,2016-01-07 16:44:12,44,0,2025-03-02 19:09:26,Shell,100,0,9.156164383561643,-1,1.0
awesome-datascience,2014-07-05 07:07:43,365,11,2025-03-02 21:43:48,,59,2,10.665753424657535,-1,0.9672131147540983
iced,2019-07-15 22:34:46,980,17,2025-03-02 20:31:52,Rust,88,12,5.632876712328767,-1,0.88
Telegram,2013-10-25 14:08:10,20,95,2025-03-02 22:00:52,Java,0,0,11.35890410958904,-1,
1Panel,2022-07-19 15:44:52,3002,80,2025-03-02 19:07:43,Go,99,1,2.621917808219178,-1,0.99
desktop,2024-03-28 00:05:55,278,77,2025-03-02 21:38:59,JavaScript,99,1,0.9287671232876712,-1,0.99
fastjson,2011-11-03 06:58:52,418,84,2025-03-02 14:34:11,Java,100,0,13.336986301369864,0,1.0
